LIP_Ids,LIP_names,lon_550,lon_545,lon_540,lon_535,lon_530,lon_525,lon_520,lon_515,lon_510,lon_505,lon_500,lon_495,lon_490,lon_485,lon_480,lon_475,lon_470,lon_465,lon_460,lon_455,lon_450,lon_445,lon_440,lon_435,lon_430,lon_425,lon_420,lon_415,lon_410,lon_405,lon_400,lon_395,lon_390,lon_385,lon_380,lon_375,lon_370,lon_365,lon_360,lon_355,lon_350,lon_345,lon_340,lon_335,lon_330,lon_325,lon_320,lon_315,lon_310,lon_305,lon_300,lon_295,lon_290,lon_285,lon_280,lon_275,lon_270,lon_265,lon_260,lon_255,lon_250,lon_245,lon_240,lon_235,lon_230,lon_225,lon_220,lon_215,lon_210,lon_205,lon_200,lon_195,lon_190,lon_185,lon_180,lon_175,lon_170,lon_165,lon_160,lon_155,lon_150,lon_145,lon_140,lon_135,lon_130,lon_125,lon_120,lon_115,lon_110,lon_105,lon_100,lon_95,lon_90,lon_85,lon_80,lon_75,lon_70,lon_65,lon_60,lon_55,lon_50,lon_45,lon_40,lon_35,lon_30,lon_25,lon_20,lon_15,lon_10,lon_5,lon_0
GPlates-1cf36e7f-1a81-413f-a7f0-26d2bb47032e,Emeishan,,,,,,,,,,,,,,,,,,,,,,,,,,,,,,,,,,,,,,,,,,,,,,,,,,,,,,,,,,,,129.3947981780837,127.61482682490596,122.14641464188807,116.74830040936972,105.13229757931694,93.25233600918197,96.72386375917242,94.79179717942468,100.30510720673591,107.8649104674767,105.5691303067446,105.11414129649633,107.60491303115069,110.11282078074224,113.1472526025051,116.18169144348086,116.538771841356,116.90449542213283,117.786482755717,118.71069359429528,119.17167182669388,119.63840627743932,115.96528715793401,112.08102341709822,111.77268840017787,111.69670304657802,111.77182758592943,111.63420656068305,110.95925015809574,110.21353972441467,109.188005595864,107.59762821464108,104.73944186792986,101.62337408173205,98.14957707908557,95.94059772115082,93.2105794719488,91.06403892538728,91.42341570992416,91.68276890954832,92.48390513327334,93.8164441386272,95.10231752171056,96.07470596659033,96.67216334712145,97.27131748272518,97.31469217592232,97.96652222195519,98.95055613370539,99.81184138573902,101.1340709818276,102.4136481578982
GPlates-c367c135-a300-4066-8519-617cf6421e4d,Vilyui,,,,,,,,,,,,,,,,,,,,,,,,,,,,,,,,,,,,,-27.2027581446183,-26.796977628034405,-26.221038632490327,-28.20532527482346,-30.21884945115973,-27.26048770297651,-24.281414286744848,-20.12049535923509,-16.346304792031717,-9.941572236110531,-3.650823137819903,-1.0942293712122488,2.61618917968822,7.096061592817196,12.15322235673255,17.33882928761311,22.666848199962164,28.313543382471913,34.05494866656208,33.1506011051049,31.917920649429348,34.64094666676078,37.88295209050048,39.20854438739281,40.549942865663795,31.51188971078471,21.464853861620487,7.7505771894169,-6.790154253094255,-17.77554142228722,-31.2400919487384,-53.35860878885467,-77.10011689883771,-93.00754350825362,-105.30661737284203,-115.28118670120611,-130.24048152594582,-144.63232255697946,-171.62663625833684,141.49718013354644,99.5850310338045,105.1759695002902,108.62804152581676,107.3206566583315,109.48978567360211,107.3945435318709,104.73589048250678,106.28090786386363,108.70762570166498,112.45000811956517,115.67825928321426,117.04875613322874,118.13085011261511,119.65289066686226,120.51471672707277,116.00159627774212,110.48079178514212,105.22304604129961,102.00023211286913,98.58958365753588,96.3451224033427,95.66060326428575,95.49229317496435,97.25319123202871,100.2096838013036,106.55062931845198,111.94144370159499,113.22670300108749,114.43165251368083,113.98525315476148,115.32410418457857,117.50874472706566,119.36735297249214,121.45494015767248,123.31208558562038
GPlates-5d5cda44-30b4-4485-94a0-832b2eb98435,Kalkarindji,,,,,,,,,-5.6861223158752825,-4.05756808275478,-2.313009563267235,7.22626355626717,16.75735274587395,28.935152384190843,41.19718902992392,47.63917057940137,54.16652198806879,57.0819584245371,60.15124237144819,66.57149168218541,72.98923539845443,76.05657551728062,78.69407254324096,79.17958635858534,79.14473123115198,89.66358944446468,99.84281326132037,111.44924970117948,123.12234428901233,129.6579773000272,136.3118140005467,140.90183358111443,145.45568766952826,149.03854089068687,152.61284965284085,157.14333813487013,161.7090524374827,149.50998377088567,137.20514039618593,129.4838407123573,121.59306798204481,114.42302036201654,107.18023104455132,112.88230758426145,118.68230787313968,119.32528028819331,120.09126067475161,115.74085858188987,110.07158737887684,109.12116663447793,107.88234305280528,110.99923314248849,114.1352335404053,118.20994061467351,122.31201368587416,118.11777643349146,114.22421163486992,112.46614048208022,110.81873256525878,110.9134156388664,111.00752969439998,109.58636083897758,108.21298323917448,105.20506307843162,102.36872482967473,98.94981240321601,95.67790869234847,91.95219447451328,88.35912326150148,85.47451213722235,82.67184557336017,81.91993757217712,81.02147579301139,81.55951609978348,82.13600984475607,84.32562465557439,86.83627870733037,86.62895976448054,86.40875150914364,90.21918586649386,94.72504136121213,99.48787881483804,104.42793027337409,105.55463942158816,107.752166790202,108.94580610305808,108.91472207911241,112.2981511586595,115.46987913697465,118.03360702489576,120.08900786416577,120.99135409966837,123.0316135131552,125.37775215014575,125.71354382547628,124.99622309464299,124.57503269308422,126.46481935895658,128.15718039631975,128.95656512361694,129.0592880452661,127.61728041666359,126.58016319425795,127.27506693451363,128.23591106767452,129.33788503766613,130.35386206739446,130.83331107522548,131.38935735649676,132.00927170825767,133.0378175088449
GPlates-b1ad8bf8-81b5-4223-9750-15bbb6f98c93,Magdalen,,,,,,,,,,,,,,,,,,,,,,,,,,,,,,,,,,,,,,,-76.11307672791436,-70.00596233080776,-63.95290688634253,-57.04782898243274,-50.279663411786274,-42.529835036219175,-34.98814783739206,-29.54513533760293,-24.41953377539886,-25.04846427291235,-25.644368784403973,-23.974958328557317,-22.29586961368506,-18.039159558574514,-13.781975097671479,-8.908565698409967,-4.0325977855739215,-3.7585111529327215,-3.573522995359644,-1.3996461914211347,0.7136106222319992,1.2434648419894807,1.7735775753090124,0.29793818073004324,-1.157268312252741,-3.8664669444249196,-6.566852024918911,-8.363697814767725,-10.23053019697631,-11.780495969243367,-13.436298843318143,-15.297352552269036,-17.23807933731379,-15.770972828558593,-14.016654013404873,-12.276287333460324,-10.494733794776975,-9.035586713282367,-7.678978209532006,-7.94454268084205,-8.180462533137012,-7.9543654343187615,-8.172131896567546,-5.507844492124158,-2.2260166894645264,-3.963598213560902,-5.77920716146629,-7.112716334423688,-8.543479804845076,-10.624443101827477,-12.8655669411005,-17.633422379281935,-22.23711448477647,-24.30290553074631,-26.17451523026733,-28.523630698477763,-30.754368329784047,-34.05058039064638,-37.46686663143462,-37.88003833853635,-39.04215086602634,-40.633455768005135,-42.85868172002141,-46.24578458310101,-49.28404461173398,-50.552492251955016,-51.70548799474505,-52.61296654571422,-53.7684189989188,-55.53945560752132,-57.39150670326105,-59.40473333640887,-61.51879922135775
GPlates-8f76b126-fcdd-435e-94d5-202a39aff731,Kola-Dnieper,,,,,,,,,,,,,,,,,,,,,,,,,,,,,,,,,,,-63.705860089352456,-60.866722923552274,-58.00526393394338,-53.31969909050505,-48.617726855152306,-41.87118085292377,-35.10483278864471,-28.266466384654365,-21.38978210754952,-13.97502659354384,-6.477631107299054,0.9740263964201772,8.06589925487835,8.00223981436634,8.344381779912927,10.622806313999208,13.024620801814853,17.44931084696275,21.9059441637067,26.913601490644005,31.94444638548812,32.016623099173096,32.02969438679306,34.48526168507581,37.03116971803956,37.67422094443965,38.32087878033545,35.717054536774896,33.0258827085756,28.866694153891466,24.52519488995303,22.41247337384929,20.18890313425361,19.1053209516693,18.004076014769375,16.73998883501564,15.441558254511602,21.42110334052122,29.39714209611623,34.185298356043205,38.20621002496725,39.319515003554976,40.27558581712815,41.761050863945215,43.225273075958235,44.73232400507025,45.956630676266556,49.83687067059834,53.06656284326437,52.145670668114015,51.401131032228356,51.95468590986174,52.559717722557714,52.05923419140855,51.604476847187826,47.26308243414677,42.130563400870074,40.60416474563124,38.58583032265473,36.42372552902761,34.68172490727584,32.055502527961885,29.308727060445133,29.500802211578304,29.161182850695216,29.172872101737713,29.73707496342163,29.6327573587616,29.508639365923543,31.13052268913647,32.6707047625891,33.87889647769069,35.11759687058741,37.01665074848271,38.85610943148817,41.48753294738059,44.20011140062146
GPlates-380187b9-620e-480e-99df-94196c58a1a1,Wichita,,,,-173.77115208082023,-173.1036385114091,-171.5487704634666,-169.98940223006463,-173.13985473702064,-176.23736863395442,177.09483515365903,170.41400394054932,176.81380974133864,-176.86196344003798,-170.67482539650277,-164.6741895479615,-161.49719228473805,-162.28882385359987,-163.07265601350866,-163.8488378539309,-164.61752300810437,-165.3788693021495,-166.13303843027995,-164.32932652985943,-161.91172703183966,-159.4982002036029,-155.55807013061343,-152.48010015440263,-149.21829219591228,-145.18981155716833,-141.4924735724177,-137.57945106282213,-136.1375774837567,-134.7068471152587,-130.97173898983502,-127.32598067732243,-124.65536300567449,-122.0303004594236,-117.49031750584723,-113.02578167256343,-106.20484389160745,-99.4927678606421,-92.05333068965747,-84.75704081797073,-76.51886900549869,-68.47704158895039,-62.4398564382297,-56.63398230877464,-56.6635908216153,-57.062344245834254,-55.41409235929529,-53.82918876263904,-49.63003179959039,-45.432187949772015,-40.603687737281696,-35.77275598690829,-35.74791003120065,-35.7436773250721,-33.74783020991684,-31.804282661164716,-31.30427748489279,-30.804872178622237,-32.04766489703964,-33.234012643186034,-35.594348266167785,-37.87614320029634,-39.42535980530837,-40.99504504674245,-42.3326388456762,-43.756491138163284,-45.46891636793651,-47.24367586671956,-46.68161589488313,-46.31453814810551,-45.74265349032155,-45.0242957508972,-44.07529121568349,-42.986250741231146,-43.875596716409405,-44.78261089480836,-45.243703234696255,-46.16299321955932,-44.74698621153099,-42.42524491453542,-44.49278654218934,-46.705954697956,-49.13700099530945,-51.76775666569397,-54.45062963987333,-57.31440931394143,-60.5536235443226,-63.51979081657895,-65.98907516955295,-68.03924072839479,-70.75711168089894,-73.23118447473584,-76.76753406803932,-80.15148362153326,-80.25555059173487,-80.87961281796154,-81.89993451731631,-83.3611951387294,-86.1895081775411,-88.75712871943557,-90.26208662676612,-91.66748826746218,-92.99252719426174,-94.26032148477755,-96.16635924835401,-98.08486353653336,-100.21509620888094,-102.33444411786132
GPlates-fd3315f0-fb02-40e3-add1-cd493bead617,Tarim,,,,,,,,,,,,,,,,,,,,,,,,,,,,,,,,,,,,,,,,,,,,,,,,,,,,,59.91620926995474,64.8077902379904,70.14752217240313,71.24421221148356,72.44267084977858,75.84306333684876,79.36370418824109,79.10563147283983,78.85641340898107,77.11148688700685,75.28886356395392,72.45604723779263,69.46496736242527,69.89599840671853,70.57693250851186,74.89154049785152,80.34456565395368,85.03703525304844,90.5650914042576,96.21750688736304,100.22072063333015,97.93046986998844,96.11806583251446,92.07885659824574,88.83137876573377,89.12023764734643,89.34815587666013,88.97370075563688,89.12923879101099,89.64580364435362,89.65895351740807,89.1930122294106,88.95931824785448,89.20676016565064,89.31302603790353,88.72240629939527,88.08980366128698,86.30872593760604,83.85920965375848,81.30432126317977,78.40346205455793,75.22335531561787,73.10956215460408,70.3901600894142,68.08520920174882,68.37633443268405,68.46652114494299,69.07762483292119,70.24356395137583,71.30791072334509,72.15167981776389,73.0664615751679,73.94943688137607,74.27923064272903,74.98485972476458,76.08230711141863,77.10365862402057,78.44788193950166,79.80351871225169
GPlates-f6ad7dfa-3e85-43bc-a5b1-e97519b7c908,CIMP - A,-154.05450498699014,-155.5018247482716,-163.50571075847472,-164.01295392309268,-164.58540889192847,-162.8755589111587,-161.15016032198037,-163.23187829057704,-165.29120207437202,-170.81665499842381,-176.38061127203935,-168.36185313823233,-160.65295068214533,-153.30686942818508,-146.33731644419876,-142.60668627802735,-143.29618984342403,-143.98009533171384,-144.65836193739867,-145.33095354586817,-145.99783857031085,-146.65898978352206,-144.758822399671,-142.1306390675059,-139.37741901460785,-134.47695025724,-130.19829708598942,-124.9737369196667,-118.43482401623933,-113.50829044028835,-108.22429904554784,-107.04439671893745,-105.86736753799016,-103.13935591619078,-100.3963990678916,-98.57341329715688,-96.71662041160766,-92.82889060695054,-88.96020705808054,-82.6064900496696,-76.32996919767763,-69.18605220993126,-62.19521931544131,-54.211262453737206,-46.45251957238142,-40.8491428557462,-35.52942070364957,-35.83589779400219,-36.27856437356556,-34.58469644088537,-32.90832372599434,-28.666178377393003,-24.423691909735037,-19.56249400580096,-14.69813032143864,-14.544999572581782,-14.467775682428037,-12.398327318127894,-10.397494899443284,-9.882536793430221,-9.367685564044097,-10.81455064856484,-12.221645716865487,-14.863153143171633,-17.4632783643222,-19.243038657595093,-21.081571562834924,-22.669904850465354,-24.371739177191188,-26.284416879194186,-28.279261682382266,-27.189033252012496,-25.952789365614578,-24.509305325047855,-22.959333214479525,-21.4369660319157,-19.936685561031293,-20.37614919335596,-20.795904523913627,-20.68847407079925,-21.093807509502998,-18.524501148315462,-15.081898809063198,-17.045501430099417,-19.135304221087953,-20.913284074261163,-22.832554214343613,-25.205155402482077,-27.731564628914626,-32.305131759801995,-36.57100913329918,-38.67165056496003,-40.45638010535689,-42.786798712483396,-44.96379256649656,-48.219011276407294,-51.57847796173792,-51.88025886379246,-52.94449913662519,-54.530689393637374,-56.729333550490345,-60.19936219221011,-63.284357399122385,-64.72196242607262,-66.0527762426049,-67.15154992633526,-68.44340242405613,-70.41873505994904,-72.45559873479249,-74.74240384412006,-77.1041397137797
GPlates-7a9c9b53-b42a-4ea3-942e-e047dfbdeb01,CIMP - B,-141.0813176666444,-143.1309777731003,-152.14556708579977,-153.25331018449458,-154.4915895320704,-152.60344463640007,-150.69173476446434,-152.08463360165612,-153.4867668484487,-158.50603528703468,-163.57560666696403,-154.96888102472417,-146.89741564549183,-139.34643687988066,-132.25774087456847,-128.4507192851893,-129.09604104268124,-129.73807642159835,-130.37671285978288,-131.01184084718687,-131.6433539486421,-132.27114881729605,-130.2333192751419,-127.38639249828394,-124.35779476151754,-119.05270906587806,-114.44263737014155,-108.76411068672232,-102.07031696121548,-96.9545051102958,-91.57885874960309,-90.40076597538156,-89.22318011842218,-86.53988666299833,-83.8289747797642,-82.11073475388382,-80.35052743248654,-76.58591286949022,-72.81564566814552,-66.6384823013497,-60.499215912747,-53.66492705844258,-46.93628295539037,-39.32393369046772,-31.872334218496015,-26.095109153426236,-20.61630699511898,-21.328710249255945,-21.957221085980823,-20.27419678010144,-18.564989778686893,-14.31154603825951,-10.052116457421603,-5.178108149717361,-0.29752482919608564,-0.17888688059989996,-0.15341433142966074,1.9206371181571662,3.942568624030446,4.472026533895315,5.002089960410023,3.3141461866917132,1.6417191870432868,-1.3314407164149924,-4.303779331071696,-6.267184343933907,-8.308151304746147,-9.995897082974517,-11.797703017291703,-13.759822659440411,-15.810741222856405,-14.064352582495266,-11.864597772730983,-9.6647611724655,-7.43886487350587,-5.612105520418728,-3.932866481783403,-3.995902531323515,-4.023797848803456,-3.5318217648156955,-3.5561575270512784,-0.3893744205220522,3.3816335728569045,1.6184745532553633,-0.22202772050190517,-1.4145760395445643,-2.6755467583234847,-4.6853477663658625,-6.839580404588415,-12.049035592151034,-17.11355408760332,-19.036262963076677,-20.792418030506933,-22.9925714679155,-25.107372436694348,-28.298518278744222,-31.698108252800175,-32.16291118221579,-33.46605153154721,-35.27028974155601,-37.789217836876205,-41.46990150525622,-44.74989537651576,-46.01256140532056,-47.15397485851925,-47.98124301475618,-49.158396684672496,-50.97172173179229,-52.88127630181755,-54.964146793306206,-57.17692016515719
GPlates-aef1cd41-4742-42dc-aff1-49552d0c1a2e,CIMP - A,-146.68149321082038,-148.46109590640307,-157.01053637612557,-157.84492704299078,-158.77858695329533,-156.97960278634034,-155.16079731358244,-156.87789520056458,-158.58935008842906,-163.83513654026402,-169.12830689197966,-160.78376577222718,-152.8712586788811,-145.41025324718208,-138.37657602646377,-134.60881816642203,-135.27961305607292,-135.94597886250259,-136.60782673542033,-137.26507192569537,-137.9176337308734,-138.56543543112525,-136.60024703929085,-133.86143914321704,-130.96320972148845,-125.84576322981049,-121.37794079951811,-115.86817233661796,-109.18487779972098,-104.11696083937932,-98.7425465077723,-97.57089685541271,-96.40049463339435,-93.72560855125809,-91.02473084981223,-89.28316218447401,-87.49963307960626,-83.6963856205781,-79.89528347800973,-73.6508756242015,-67.45940195902425,-60.498913388871834,-53.66440566430934,-45.902666883369434,-38.330259280906574,-32.61991949404252,-27.197464713419894,-27.743389570602087,-28.30308335549734,-26.62027457983898,-24.929847319787722,-20.68446400947304,-16.43511732225758,-11.568766780583408,-6.696915531602181,-6.592601348493778,-6.576730340786348,-4.534494669248485,-2.5543012609729887,-2.0340830464164275,-1.513580011133248,-3.1198667937348104,-4.6980934984908345,-7.553820874648278,-10.388109869184115,-12.304719608038837,-14.291814509822942,-15.983858260943649,-17.79390564727371,-19.775702720963704,-21.846212357404937,-20.411534366365725,-18.648914489919644,-16.73689223505134,-14.752115814993486,-12.96154836950665,-11.265400784181129,-11.479931473914391,-11.663994647615656,-11.298234883452144,-11.472026970039767,-8.45064470292381,-4.661395187860099,-6.5496475825238765,-8.545180160586668,-10.015990557350964,-11.58730008928972,-13.781470680156701,-16.11887863878647,-21.17200300660506,-25.97382033053273,-27.935493241713736,-29.650630117223827,-31.855696380730347,-33.94969844426019,-37.12637859947052,-40.493203395640116,-40.885706616507754,-42.114644076158676,-43.8900899830599,-46.35354484173377,-50.04381324687085,-53.31804784287175,-54.690565989597694,-55.949369761553704,-56.91263867481404,-58.17753897499995,-60.12309444106473,-62.15235454333241,-64.41800868059678,-66.79715861036543
GPlates-cc5f6361-9e6a-497c-8e93-7a5ae6a874c4,CIMP - B,-100.59624140951505,-100.61250218297309,-100.60641335976983,-101.79355361651051,-102.91722177628517,-104.08332463470542,-105.2871851363304,-113.79991146953938,-122.26786615329415,-122.67916643408395,-122.86813068913196,-118.88442033327662,-114.70587230670967,-109.92515318851021,-105.15921564247896,-105.13675092818548,-105.5244407538011,-108.8610896704654,-112.62198802628603,-113.06238576842613,-114.26183552677459,-114.9094035243154,-112.46808976342531,-112.02094495152205,-110.55252496962262,-105.79510577187142,-101.82511771916133,-97.1634162568968,-91.96239597880847,-87.30787790979417,-82.51622693061849,-81.13972564612675,-79.76194517747126,-76.55827742986128,-73.33315221320326,-71.17869057719747,-68.99397872164035,-64.89177916068616,-60.7756966545993,-54.43063220811451,-48.0902350932048,-41.37584119734904,-34.69790387292736,-27.325672466655977,-20.004096078475065,-13.515479353575406,-7.323385586432167,-8.061348419282288,-8.55028436773849,-6.7273369651581,-4.831449403360752,-0.5398813978686627,3.7695718932477926,8.677113599258046,13.599189196234063,13.569606198849502,13.445594124947837,15.521139343948203,17.585621754960115,18.1435263023956,18.703179983933968,16.564917887948777,14.409873329585352,10.860096063807164,7.256712657611012,5.058565523981454,2.75966005221772,1.2721853954020308,-0.34005935352885047,-2.0676447806587515,-3.9063749639193417,-0.5949717786867458,3.859663619915703,7.484162108378011,10.927704640437144,13.186737711053311,15.202869385887531,15.934991927626454,16.708730817329553,17.94352815676851,18.650663843577306,22.763329668945758,26.880643792354437,25.420651467794407,23.977748908598777,23.63655602008691,23.330947202633435,22.180111848519857,21.10650862140333,15.840083548591325,10.327024314212908,9.129802622685835,7.777335195004914,6.123574504711433,4.698439767187317,2.2832557784505942,-0.44332382818443894,0.050538636029844555,-0.17409348614736428,-0.4146722960586054,-0.2620271190751081,-1.6962208352012185,-3.0534993548944813,-1.955185346966936,-0.8926854003899557,0.2572948989019795,1.0747129063801226,2.2200634156505434,3.3459464422794807,5.034321923198253,6.871745552880726
GPlates-ede15556-39b4-41f9-b7ec-97410e6febc9,CIMP - B,-99.14327090404353,-99.03076638488062,-98.88256145145154,-99.67861887438374,-100.17746270487105,-100.74698816854153,-101.38218549432858,-108.79224992667052,-116.15475845080461,-115.5118657723523,-114.7085472077496,-109.90477992390504,-105.09663514330751,-99.86935706794202,-94.99896548434536,-95.36315709821841,-96.32034230693976,-100.47061492744369,-105.05418831956416,-106.52028402739835,-108.72039791878811,-110.47466812001862,-109.17211048911979,-109.88405437086749,-109.58164980240197,-105.6314067423104,-102.50873876747015,-98.93433797291846,-94.86241211438886,-90.60936277325942,-86.23670913661194,-84.79619652753465,-83.35418633534144,-79.83442050722248,-76.28909806398114,-73.82437943034844,-71.32680763878791,-66.94604623592429,-62.54500276223274,-55.994762109165364,-49.43568449621226,-42.65178674637049,-35.87524260334047,-28.50503171264196,-21.138276327951058,-14.111742712110841,-7.359909981384246,-7.812307104005308,-8.014766499804267,-6.035536314044528,-3.9635142316108993,0.3541184623384701,4.699632989156377,9.629159075004813,14.580843624141272,14.303191539481471,13.916429329396934,15.848383645010385,17.775635886864574,18.338055350166357,18.90283740103971,16.327785686524372,13.732259196662165,9.6584523964303,5.522521418130012,2.9881043755142245,0.320486969864392,-1.7372711981581808,-4.007595597092943,-6.3322974103342275,-8.856006054067015,-5.322961922740753,-0.14851789052177525,4.7578975356502635,9.426715376081756,12.679979500838513,15.503575808912581,16.746031847415097,18.04926431997125,19.94211063695876,21.141132291489644,26.424183961306046,31.588982267587536,30.10500247929001,28.655673273088908,28.699869120082273,28.858841384342256,27.916784049254026,27.078875469734257,20.880274608182777,14.320916115826048,13.481314174367037,12.360343621401096,11.024101992428617,9.68398751395469,7.258082775087882,4.3386823071741185,4.717998617504037,4.28680947524689,3.8610045243031648,3.863995723218807,2.232914967916175,0.701121937639345,2.165845810817293,3.575261847425137,5.112028666252571,6.173673572473579,7.718684534534532,9.274072771528012,11.689958836260395,14.342616001750162
GPlates-6b9cc2f1-fa80-4b85-8b3f-5f423cf14517,CIMP - A,-161.36999097874764,-163.0607049920237,-171.20446143457804,-171.75949183718248,-172.34521879654855,-170.67302934867126,-168.98672079358067,-171.0998402533746,-173.1713912146276,-178.59903362196772,175.9537812379159,-175.75560765245,-167.69444589007563,-159.95471840504274,-152.5871786817652,-148.60658776507037,-149.24091443803184,-149.8694474776944,-150.49218144490132,-151.10911391272887,-151.72024528208235,-152.32557859738657,-150.41624779860302,-147.79871178239378,-145.06190092443458,-139.96854093498092,-135.3933230401005,-129.78558152900573,-122.53494370605618,-117.42264551680869,-111.84027000272397,-110.73065285473125,-109.62465044797334,-107.14199431323875,-104.64013428149273,-102.98506316990249,-101.29289134275666,-97.51642304882607,-93.77560687085935,-87.42853992172041,-81.19362445744551,-73.84708810507962,-66.70399483990009,-58.40462711562682,-50.40049304928064,-45.25231102135275,-40.43386927304335,-40.41288147579752,-40.60672515356286,-38.84174724630999,-37.11647831996785,-32.8395670170899,-28.57018726438669,-23.688930580093928,-18.810502375316993,-18.337546420037857,-17.931921755587865,-15.60667064587971,-13.355457557013574,-12.825239953447392,-12.295500543862666,-13.441669091047029,-14.546667267303118,-16.80962058186108,-19.029998901050327,-20.50613230054654,-22.03553860868315,-23.318329524613315,-24.705167766684696,-26.391952666504643,-28.15054167835108,-27.281681274351612,-26.443042100676248,-25.560213203736076,-24.58213768396813,-23.704564191687762,-22.821599766473504,-23.464253248794083,-24.09184109963423,-24.329602664321364,-24.923527695838523,-23.107345914775944,-20.574987343239457,-22.35953161251461,-24.238222777318597,-25.97503019546803,-27.867875047277966,-30.167856207865846,-32.650689112719554,-36.585920873434596,-40.3008075436156,-42.618717101545705,-44.658360098658356,-47.25554642819246,-49.66799677881994,-53.132573478389865,-56.55885328848713,-56.84457283206231,-57.73025117483285,-58.95788657675085,-60.681913757552664,-63.60937447071603,-66.2638698248862,-67.59452092188707,-68.82107658125068,-69.9188426682394,-71.07878732201073,-72.83941624415694,-74.64953534819199,-76.62557864026763,-78.6477551010673
GPlates-ca53d91e-6e5a-4cc2-83f0-4e2ac4d161e0,CAMP,,,,,,,,,,,,,,,,,,,,,,,,,,,,,,,,,,,,,,,,,,,,,,,,,,,,,,,,,,,,,,,,,,,,,,,-15.716454779253114,-14.666224312956063,-13.53400807717039,-12.66465299892062,-11.801283754476648,-11.358254279585458,-11.015412422243017,-10.578009618047247,-10.136568160730466,-9.60041616702011,-9.06234708491408,-7.5232580782169,-5.934434663172917,-6.294407370341382,-6.630572243356057,-6.806715172211694,-7.040400012323276,-7.203023808098641,-7.3676594797399115,-8.175594870416276,-8.842422873820711,-9.909004678074165,-10.987122570881988,-11.981943455676145,-12.988161227095915,-14.91545943158255,-16.859709382439902,-15.90442661953793,-14.966552540351017,-13.703795293618851,-12.434129619434694,-12.220679558915549,-12.072225082937896,-11.334817733721714,-10.6005331667664,-10.073004299605746,-9.539168433926188,-9.126460457271778,-8.697168139263638,-8.228070831445644,-7.730871801012456
GPlates-c984de06-4437-403a-ae60-153f5ee2e220,CAMP,,,,,,,,,,,,,,,,,,,,,,,,,,,,,,,,,,,,,,,,,,,,,,,,,,,,,,,,,,,,,,,,,,,,,,,-26.09759022761467,-25.666137433672397,-25.171699963945173,-25.16375169051099,-25.13870339746223,-25.645923745430604,-26.226035145944508,-25.885003709327684,-25.5417778110765,-25.3665410409886,-25.18323405014244,-24.750718264955722,-24.207557914989792,-24.092715037487256,-24.001026080731293,-23.845551599336034,-23.87312405966564,-23.892223691415868,-24.552293017542286,-25.99113637026718,-27.288231985580644,-30.080529720171228,-32.898137747086196,-35.83121642039352,-38.889719274475034,-43.158830342396456,-47.07928497700415,-47.125842931734546,-47.26216612664116,-46.88526774532428,-46.84472420445101,-47.436548280502755,-47.94083528450705,-48.837518064654624,-49.75206872156025,-51.01640535083021,-52.16100009018028,-53.36400200054548,-54.55748308123752,-55.521752698699494,-56.40829136045548
GPlates-97fe78f2-706d-4637-902c-1fd0eb787786,CAMP,,,,,,,,,,,,,,,,,,,,,,,,,,,,,,,,,,,,,,,,,,,,,,,,,,,,,,,,,,,,,,,,,,,,,,,-24.85522253834306,-23.865656656032446,-22.840430564544913,-21.78300274702044,-20.643200111207186,-19.654167989902504,-18.6866188097427,-19.25286252075719,-19.799743059852002,-19.94443785444471,-20.457809059572376,-18.46926756726813,-15.788311092145978,-17.553238428746788,-19.407825749807284,-21.043177728699632,-22.822218093104905,-25.06773352778145,-27.491884546890237,-31.613957479885617,-35.525123494196514,-37.789109876060756,-39.79498218646138,-42.33954858908919,-44.71406037964788,-48.142991323712906,-51.568485492164655,-51.88489303903452,-52.83301823545775,-54.138175406214565,-55.96764876891892,-58.98758798848753,-61.71958244487298,-63.034215455782,-64.2426082490581,-65.29804828615764,-66.45533418428258,-68.2160913108226,-70.03371795657652,-72.01652021538366,-74.05805153498238
GPlates-6c276a36-63ae-4538-a813-6e6bdfc06d14,CAMP,,,,,,,,,,,,,,,,,,,,,,,,,,,,,,,,,,,,,,,,,,,,,,,,,,,,,,,,,,,,,,,,,,,,,,,0.5737217810608296,2.740657587440685,5.0290845451858806,6.760230499189446,8.425145754901552,9.142284577720496,9.773377489900872,9.388784798630077,9.014874828865377,8.915997822612917,9.642999973935828,12.38551082640027,15.051128482839484,14.264974262092093,13.580092379482751,13.291352304137686,12.799348505500122,13.19271465589105,12.773485363307724,9.295355430429323,5.570299912287985,3.774352404974802,1.9470317437050193,-0.3069807381098641,-1.8463843212114168,-4.207047964436462,-6.539565695887049,-5.841452733229957,-5.647623928631447,-5.481018103844274,-5.19435784914146,-6.222628626870906,-7.168683164266477,-6.74124014592128,-6.254363432811977,-5.75876820387177,-5.318377757527612,-4.6106235275398975,-3.9444641189788334,-3.0476154761175738,-2.0853586603394603
GPlates-d0116b94-48d5-451c-b98b-b485c23db501,CAMP,,,,,,,,,,,,,,,,,,,,,,,,,,,,,,,,,,,,,,,,,,,,,,,,,,,,,,,,,,,,,,,,,,,,,,,-0.5538708686424448,2.2135352505017902,5.547542704547431,7.714397149501709,9.784102178493969,11.003710411218515,12.128928090428623,12.220234440213815,12.340341365138126,12.779871555656666,12.892870567479228,15.579095716806819,18.356777347121483,16.95895414601768,15.563145404541489,14.80459800673763,13.999818767746492,12.645593524731543,11.339305037900512,7.198680324933314,2.8821330383030794,1.27218370731975,-0.3682488707294699,-2.4107194771534726,-3.9504494462812425,-6.36382711504643,-8.865346430411792,-8.250859458862456,-8.237038218796505,-8.249998761395524,-7.908587712533756,-9.079668423023282,-10.215565836315175,-9.50982503768053,-8.813798384895252,-8.083779637727984,-7.515080904102779,-6.766054052019038,-6.059945187828656,-5.076119419522971,-4.013591223635362
GPlates-39c95940-6191-430c-b205-66928d35c600,Karoo,,,,,,,,,,,,,,,,,,,,,,,,,,,,,,,,,,,,,,,,,,,,,,,,,,,,,,,,,,,,,,,,,,,,,,,,,,,0.16574771109644296,-1.7907915385960484,-3.9923698497364493,-4.008536380130844,-4.0166929008520045,-4.744060626775886,-5.472285467222941,-8.087866739810647,-10.594045756080234,-9.081787958809972,-7.564209003080614,-5.659495686811888,-3.8160581029037957,-1.4071670218349381,0.9890444217212333,5.877049277312121,10.866822683134401,11.660811540482142,12.403111254748698,12.603975417782046,12.766030428615935,11.919401103897634,10.997152421700436,13.189037869251397,15.355624426107385,17.986224103954246,20.50769495068873,21.97310711333054,23.293455867156556,24.25043794258388,25.20091587100904,25.74942690278768,26.304837221777408,26.522860695298274,26.766032095784947,26.76070731226791,26.799284529134827
GPlates-7197bbaa-df78-4015-a1ee-52a71324c92e,Madagascar,,,,,,,,,,,,,,,,,,,,,,,,,,,,,,,,,,,,,,,,,,,,,,,,,,,,,,,,,,,,,,,,,,,,,,,,,,,,,,,,,,,,,,,,,,,,,36.91531025120533,37.045776362227535,37.12105154843838,36.11447486077135,35.01892969044228,36.97130734297235,38.87145744943696,40.966789597125434,42.963865637433614,43.61987656225306,44.23498307280789,44.94477842501111,45.66786024196144,46.119695386295724,46.5834569803076,46.69713526884683,46.84213402161352,46.75618849098868,46.71387230600051
GPlates-f5cd4ad6-99ba-4f85-8f22-50cd6b94f938,Trap,,,,,,,,,,,,,,,,,,,,,,,,,,,,,,,,,,,,,,,,,,,,,,,,,,,,,,,,,,,,,,,,,,,,,,,,,,,,,,,,,,,6.093250030431124,4.225393544649158,2.264343160995181,1.135394423153778,0.07587501891704902,-1.756691249024905,-3.6644072442077436,-9.2904039548015,-14.760519505471379,-16.280770295656307,-17.584828079769782,-19.21762309139286,-20.452100392934458,-22.635758582208606,-25.169165277254187,-24.589781775805317,-24.910545154088904,-25.92331877722521,-28.511450360747258,-32.52503488822212,-36.0271758611613,-36.90918177241849,-37.85308903578322,-38.42909143167116,-39.63128943664657,-41.50781184939326,-43.52630122663719,-45.73186192353601,-48.157575318748016
GPlates-0888f6df-64f2-4426-ba07-d5447e239ff8,Ferrar,,,,,,,,,,,,,,,,,,,,,,,,,,,,,,,,,,,,,,,,,,,,,,,,,,,,,,,,,,,,,,,,,,,,,,,,,,,50.48101567849099,51.34394129504353,52.472903785497365,51.298045339439675,50.11232437264904,49.03811741019338,46.899721288616064,36.741398273788576,18.734686639574836,29.924031748619853,40.775302502232414,54.5775113038647,67.28202598892426,87.92745125347703,117.22152310030418,131.51319911497882,136.24477358376947,138.61930115281748,147.4325680939428,155.34493643986949,160.64266158231143,163.74296934064023,163.9657368751587,164.15137862420167,163.94698402842303,161.50711159606732,159.3177300264926,155.51113777690014,151.55985057257678,151.86541050947574,152.31018379179062,154.31621374419004,156.32799797040488,156.75685295669564,157.2644458610823,158.83753708191978,161.49953095539152
GPlates-6edc8d23-f3f7-4dc7-b5a9-76fbe7d75553,Ferrar,,,,,,,,,,,,,,,,,,,,,,,,,,,,,,,,,,,,,,,,,,,,,,,,,,,,,,,,,,,,,,,,,,,,,,,,,,,34.709191811955904,33.76482965086258,32.549970184379305,31.509681862651238,30.48532551819101,26.54889316650238,20.836573861203515,7.3263226513133635,-8.487328228940425,-5.830654158421795,-5.8104888998741755,-2.986574913970314,2.845947413664391,-1.7201740808160997,-9.80598260554244,30.886885163667163,98.69192008257019,98.89806810511095,138.64590930342152,160.88783970663496,171.7278917485207,177.71086823336643,177.23261400395367,175.47449202731588,173.15650342556842,167.56536254412723,162.7882288653069,155.92113622545463,148.50920221798182,148.40793148531432,148.49186199365005,151.71206221852097,154.99396705937022,155.3540134676391,155.86873513791525,158.69635698725583,164.33429630563887
GPlates-06683922-ef43-4603-9eba-d4a07811684e,Ferrar,,,,,,,,,,,,,,,,,,,,,,,,,,,,,,,,,,,,,,,,,,,,,,,,,,,,,,,,,,,,,,,,,,,,,,,,,,,28.750263671468556,27.115267263900854,25.01108318324364,23.988998077304622,22.992040681358013,17.95516032574049,11.054533506738611,-3.1828210522026206,-18.280450682890788,-17.036199691042587,-18.483545031502093,-17.453174311699225,-13.898819229679654,-20.519081020251875,-29.61289345621496,-20.99990658919989,42.55371163346399,33.764202810654105,170.06990723529447,-174.30539855116933,-167.06499773874407,-163.30400031525127,-165.99832357146263,-168.61362955715902,-172.42310573416916,-179.40395660509924,173.96659044909285,166.36321315373976,157.51185678323833,157.6665819578893,158.06362185475248,162.48339023895855,166.95013261617328,168.81346004663038,171.24990995736513,178.66867298351684,-166.56467476139449
GPlates-9536717c-f5b3-4b81-b0b9-e2445f6248aa,Columbia River,,,,,,,,,,,,,,,,,,,,,,,,,,,,,,,,,,,,,,,,,,,,,,,,,,,,,,,,,,,,,,,,,,,,,,,,,,,,,,,,,,,,,,,,,,,,,,,,,,,,,,,,,,,,-111.02212155796508,-113.25418805539626,-115.81282442012424,-118.30749924942943
GPlates-e1764035-ed2b-45fd-bf15-2a97faec5380,Deccan,,,,,,,,,,,,,,,,,,,,,,,,,,,,,,,,,,,,,,,,,,,,,,,,,,,,,,,,,,,,,,,,,,,,,,,,,,,,,,,,,,,,,,,,,,,,,,,,,,57.98603273127064,61.30309380497607,62.95534484178451,64.9663963573374,65.84886934253528,66.94582652521795,68.16316437017171,69.20492250138666,69.78184827640405,70.36230242853574,71.70736739723382,72.94407254691777,74.17546539650489,75.70326934385066
GPlates-cd3c34aa-c12d-4569-ad05-3f239be5e119,NAIP,,,,,,,,,,,,,,,,,,,,,,,,,,,,,,,,,,,,,,,,,,,,,,,,,,,,,,,,,,,,,,,,,,,,,,,,,,,,,,,,,,,,,,,,,,,,,,,,,,,-9.112559743136366,-9.32716161952924,-9.191906693776819,-10.790688697185002,-12.295420816760178,-11.44686801510471,-10.620008359357941,-9.649901783187808,-9.016687743283834,-8.18683663247187,-7.385657910605545,-6.205912594661483,-4.9146050330937285
GPlates-d37970ac-7668-42cd-8b3f-42e2f7847593,Ouarzazate,-27.362288289749436,-33.14732563063009,-39.65942379039091,-48.94231024756242,-61.216690806603005,-80.35737839669918,-105.8530071182649,-133.22331934519167,-164.97236191567666,172.6331129944249,153.8810911559964,158.3139443979987,162.78645465172846,174.9202580191796,-170.51950718280014,-171.25261338266392,-175.04211685405366,177.06793709886603,122.73025803291276,-10.709884724030111,-14.485754947886447,-23.419140482701014,-26.458554226677634,-31.056689764281806,-33.89650667471115,-25.074945034210362,-16.716495377375587,-6.6081651306832665,3.3518300074679686,6.892391486454167,10.348350381263076,11.694251414611328,12.854389012158299,12.858637468469528,12.62331982721186,16.331668778591848,19.98674543106442,10.873532523796325,1.9817588824486818,-5.345865700027317,-12.420638352664406,-21.6628995864127,-30.80906544182707,-25.493464157502768,-20.23402373806519,-21.941396137679057,-23.43835943522612,-24.13760748578336,-24.775674716672622,-23.139576676423456,-21.501544022177956,-17.23092861435578,-12.96777650202459,-8.087605642907182,-3.2111024818539278,-2.6352805030087807,-2.149559560636169,0.23704144148864542,2.5565794130369097,3.0966211161766473,3.636646498925771,2.4547734882327648,1.2881909525574329,-1.0756548408775006,-3.4395627365966646,-4.9989375433421905,-6.623856766080804,-7.940681589637387,-9.346032123326266,-10.83552338064196,-12.378783619464048,-10.895909192350057,-9.308948473522507,-7.955253393160679,-6.620758410248066,-5.745156443284021,-4.992750517101127,-4.469467215192543,-3.940987215046359,-3.193081249920421,-2.446519684803762,-0.2258494172832975,2.008576238365478,1.3728727303384187,0.8058390072769251,0.48938688906308403,0.11079356031746766,-0.48723603543803956,-1.100989545119321,-2.973448228477259,-4.718601560782672,-6.147487700954349,-7.5828982633345055,-8.80731537274431,-10.036942872576303,-12.182944999070482,-14.337433772191758,-13.64209687456799,-12.96861527487111,-12.076790056248024,-11.17554167690174,-11.484069766060404,-11.866723775421619,-11.311573646755713,-10.759111470135782,-10.304430667041615,-9.84245278839814,-9.486373551040952,-9.111224087910259,-8.636686190533446,-8.128023160287164
GPlates-ecced9b8-a352-48fc-80f2-f8d32fec41d1,Siberia,,,,,,,,,,,,,,,,,,,,,,,,,,,,,,,,,,,,,,,,,,,,,,,,,,,,,,,,,,,,,42.14827383256288,37.547051474757815,32.650720866560206,25.75144614581285,18.293181060519725,14.506797057123462,10.15460328017931,5.207607193785103,-1.7011108626591156,-9.948629362075042,-21.89187449345766,-12.912202116014459,16.295105099764335,42.21769739754843,54.481941879741875,54.27989956124508,54.25760127885576,58.76496992648572,62.915442393999186,66.05744874809716,69.1358676574531,73.90882740773503,76.82645555447003,76.82071876171605,77.3261805176418,79.88974713706739,82.48327183679511,83.24587103645803,83.97470389120775,80.98481511983562,76.49541638692702,74.29798121982476,70.96933592610486,67.93426681299195,65.6310437942787,62.60020265794024,59.70078219245127,59.237565866500184,58.53437956533215,58.93400511696619,60.265856871852876,62.95215144651377,65.58242493679818,68.2730620853625,70.71960557827954,71.9251667056915,73.91356755403699,77.08139175858636,80.00342349314533,83.83812415525146,87.44573256204252
GPlates-92d3c5a1-321f-4c4a-8821-8ee96e624757,Tarim,,,,,,,,,,,,,,,,,,,,,,,,,,,,,,,,,,,,,,,,,,,,,,,,,,,,,58.645537488088664,63.349885753922834,68.63931417733995,69.72868099477508,70.9234909781766,74.32351818437888,77.85649685959002,77.55090845758627,77.25573056193358,75.15584472014397,72.95115804482117,69.69520219867616,66.22159718059514,66.46360093773583,66.95541556287638,71.23805526707866,76.83797521530713,82.04113601470371,88.36518844740496,94.8578039161748,99.44841849673837,96.98042947145527,95.07447210755315,90.70943840489406,87.2510639777825,87.74128077762634,88.15612598208463,87.907897859585,88.21660921036715,88.88505702143988,88.99459653711388,88.58893966998096,88.43840193600519,88.86441813235392,89.15335107231267,88.66427636601824,88.13030602343197,86.3043468427167,83.77046572217263,81.2173407461152,78.26826900618391,75.07553777259609,72.93942075399302,70.19481363532599,67.85696672405409,68.09483914707837,68.13842224444693,68.75198198510037,69.94763903299093,71.15339806463278,72.13145871397322,73.14351880029803,74.11399241465568,74.48854138112881,75.32745351854804,76.64187158031146,77.86830403171899,79.46744553264801,81.07095107105236
GPlates-292c7c57-b3c7-4fda-8c6d-6cdd2402d27f,EQUAMP,,,,,,,,,,,,,,,,,,,,,,,,,,,,,,,,,,,,,,,,,,,,,,,,,,,,,,,,,,,,,,,,,,,,,,,,,,,,,,,,,,,,,-8.115958771296489,-7.91644733108102,-7.920235974115921,-7.852269467098941,-8.465670220148743,-9.74473304717149,-10.86714385511587,-13.646233044935435,-16.456276682966045,-19.432133183444087,-22.535427964187416,-26.837130913367222,-30.77767506269737,-30.777553515809924,-30.814435792232608,-30.314798844368205,-30.1708748291079,-30.72949344644513,-31.240906027021552,-32.19920293969695,-33.17673904269727,-34.5136820385962,-35.71645776781203,-36.99169321196856,-38.24911284160945,-39.26873613926292,-40.19535062802041
GPlates-e20844d2-9bb0-4756-b869-7f17c58092ea,Qiangtang,,,,,,,,,,,,,,,,,,,,,,,,,,,,,,,,,,,,,,,,,,,,,,,,,,,,,,,71.79786357081473,71.33353374555918,74.08112404175,77.88858295165663,81.58410500792182,83.8639128318371,87.84444943774345,88.90110348610469,90.46545319310044,78.42559183966944,73.81657541202269,78.91662080254382,80.24542462377397,83.11485434228213,87.47711278750523,85.5729564682293,85.60940318196357,88.55599168303365,91.76649930099512,94.8008854815604,97.83528099971176,98.32198319679311,98.98505351691111,100.22475035654318,101.50498850563649,102.12213767671646,102.75034523681818,99.26683969677313,95.64252874210548,95.13724682206016,94.8645819865906,94.84989233856759,94.6751368115496,93.93070933333338,93.1422387928497,91.56076650648384,89.3725486806987,86.72511409851224,83.80468862207881,80.55156681597553,78.41904771664387,75.7023426209796,73.4439322882596,73.78371852663113,73.93574936380759,74.56043582557426,75.70683452574633,76.65081120152001,77.36663365523685,77.9039864549342,78.43440721214431,79.08447561051037,80.07926999217614,81.34286825568573,82.57910746084931,84.09289246317887,85.61972551869981
GPlates-4953c267-8df4-4695-952c-de864e3b630b,Panjal,,,,,,,,,,,,,,,,,,,,,,,,,,,,,,,,,,,,,,,,,,,,,,,,,,,,,,,59.968192056942094,60.50923099237531,61.063341898625815,63.0369511815086,64.37838785478176,64.7484401768981,65.11895462680982,65.19879541085898,65.17410959068827,63.83739308062964,62.42373519959081,60.71416014359828,59.05687397391101,57.366754305462734,55.78882905056222,54.340035276595586,52.94528247393013,53.1338121289118,53.27540891542329,53.34762283137284,53.3819056546662,53.446270711419466,53.55269192814345,53.64985525080333,53.74551554699321,55.054731469440725,56.32723641091964,56.092137838514475,55.05410713945187,55.46867571606109,56.90237050399086,57.14578347834191,56.57900621090155,57.99416944359839,59.3272040103953,61.822473380769395,63.935825405642646,64.3692864261505,64.58026096537623,61.632248798537645,61.87256740048161,61.54794713569325,60.5228803593911,64.82827036516004,66.43350606244553,65.88638790543693,67.3917962056634,67.92229358895511,68.29061008374127,68.89285112328142,69.50337722231465,69.91997841971694,70.8550784986441,71.98595916831933,73.08753781842844,74.07395041984445,75.06630754018632
GPlates-22b4e6b6-2a9a-48c0-9daf-2a7eaf7bf537,Caribbean-Colombian,,,,,,,,,,,,,,,,,,,,,,,,,,,,,,,,,,,,,,,,,,,,,,,,,,,,,,,,,,,,,,,,,,,,,,,,,,,,,,,,,,,,,,,,,,,,,-76.65855225483385,-79.91325549354437,-82.90819920414341,-86.4934575513752,-89.6867431662856,-88.51693960625624,-87.41376304784352,-86.03255865053595,-84.69765734985103,-84.15987646522773,-83.85844413632663,-83.80703206715785,-83.34286826007457,-82.9234596381448,-82.99132865463662,-83.47227517300273,-83.99464787807021,-84.59013117418647,-84.95471400146053
GPlates-3963f42b-7284-4d97-9f59-fb9db079c91b,Caribbean-Colombian,,,,,,,,,,,,,,,,,,,,,,,,,,,,,,,,,,,,,,,,,,,,,,,,,,,,,,,,,,,,,,,,,,,,,,,,,,,,,,,,,,,,,,,,,,,,,-56.906610817366726,-58.916055241566475,-61.012428956012734,-64.11536416301009,-66.8083246703298,-66.50791016701588,-66.36387140961124,-66.05263091186549,-65.97717209858835,-66.06012125438708,-67.46183617398776,-68.16566794998229,-68.76931803890855,-69.45543864506313,-69.53169370068463,-70.01372792935312,-70.53354038055029,-71.10597684342005,-71.74218094370651
GPlates-9e82f0f1-5dc0-4d38-970e-c66f67a425fc,Caribbean-Colombian,,,,,,,,,,,,,,,,,,,,,,,,,,,,,,,,,,,,,,,,,,,,,,,,,,,,,,,,,,,,,,,,,,,,,,,,,,,,,,,,,,,,,,,,,,,,,-56.47565702920198,-58.39715646382204,-60.48644035347729,-63.598621771384806,-66.28642026135026,-65.20100639173457,-64.26511920202395,-63.1217039376331,-62.17983650935768,-61.48256980706828,-62.137439114001616,-62.09217998189639,-62.12171759406891,-62.30999308476859,-62.42596929746539,-62.739530123460334,-63.098308063881056,-63.49431656391102,-63.983084080160026
GPlates-482613d2-78ff-4c51-a02c-a78a09aff7cf,Caribbean-Colombian,,,,,,,,,,,,,,,,,,,,,,,,,,,,,,,,,,,,,,,,,,,,,,,,,,,,,,,,,,,,,,,,,,,,,,,,,,,,,,,,,,,,,,,,,,,,,-70.9535282919202,-73.0775335730153,-75.24420348018852,-78.43003065872522,-81.20217220061038,-80.14969958373402,-79.23887536628303,-78.13676048445679,-77.2188531965341,-76.25182546050436,-76.49533185942217,-76.10851202100378,-75.80545635200731,-76.03698293513463,-76.17868447076351,-76.53267576223327,-76.92882302695551,-77.37917647382261,-77.9214326127103
GPlates-decdcbb2-d445-4bc0-81c2-757fd5d2d06f,Caribbean-Colombian,,,,,,,,,,,,,,,,,,,,,,,,,,,,,,,,,,,,,,,,,,,,,,,,,,,,,,,,,,,,,,,,,,,,,,,,,,,,,,,,,,,,,,,,,,,,,-61.44759172573678,-63.451042737595564,-65.56332912016288,-68.69329322688947,-71.40727668136739,-71.1400497119812,-71.00537347176807,-70.69232927283606,-70.60834572703163,-70.42828728940901,-71.15918566718513,-71.14747322886812,-71.16412998164519,-71.30656842972229,-71.41975133072802,-71.80687116412149,-72.23993007431748,-72.74291829878474,-73.34144761641251
GPlates-9d724e5b-a19d-4b70-b02e-3d24018fe29a,Caribbean-Colombian,,,,,,,,,,,,,,,,,,,,,,,,,,,,,,,,,,,,,,,,,,,,,,,,,,,,,,,,,,,,,,,,,,,,,,,,,,,,,,,,,,,,,,,,,,,,,-73.96765714178893,-75.75403417646359,-77.8496621254879,-81.02296725065652,-83.74792763713324,-82.63711140456412,-81.60961766144223,-80.28266997071874,-79.07651244914645,-77.61945559417971,-78.01863550110144,-77.9569984967481,-78.19542666495501,-78.71757290096683,-79.0190638525072,-79.37872372889612,-79.75054129321286,-80.118701415876,-80.7376420557591
GPlates-6ca7d6b4-f86e-448b-a9ef-5253f59f6969,Caribbean-Colombian,,,,,,,,,,,,,,,,,,,,,,,,,,,,,,,,,,,,,,,,,,,,,,,,,,,,,,,,,,,,,,,,,,,,,,,,,,,,,,,,,,,,,,,,,,,,,-76.65428725398077,-78.60735948666593,-80.74779628953719,-83.94560313498977,-86.70768788667743,-85.62313242995147,-84.6377277046986,-83.39166050388401,-82.28493079149689,-81.10431918086297,-81.56235854688106,-81.5165385099373,-81.64920307022793,-82.0155471244499,-82.1938529545997,-82.46925849056682,-82.78161541464964,-83.1119225887397,-83.52810722701712
GPlates-221bf73e-fc22-4131-9e9b-dfdaae758003,Caribbean-Colombian,,,,,,,,,,,,,,,,,,,,,,,,,,,,,,,,,,,,,,,,,,,,,,,,,,,,,,,,,,,,,,,,,,,,,,,,,,,,,,,,,,,,,,,,,,,,,-71.36940751091598,-72.93165400501478,-74.97872603176698,-78.13496955428386,-80.82088623211398,-79.67378005274543,-78.58055832799216,-77.12783192939976,-75.76436515533062,-73.8895219714021,-74.19174724248386,-74.11086192655291,-75.20649939971501,-75.85538824895382,-75.7967220166599,-76.57645495250956,-77.23639708264568,-77.27177946212278,-77.81805133585597
GPlates-d88eb7bc-ba85-4675-82f4-7adf28e13f26,NW Australia Margin,,,,,,,,,,,,,,,,,,,,,,,,,,,,,,,,,,,,,,,,,,,,,,,,,,,,,,,,,,,,,,,,,,,,,,,,,,,,,,,77.07717608141802,79.4618959436969,82.0864291646012,83.86732329881714,85.11457601192421,85.86130473594169,87.08625452112416,88.0019384900635,88.18945618910384,90.12646454309883,92.02812151919053,95.15469362516683,97.88810018478554,98.81685866763415,100.6537637497473,102.62734962070502,102.52609368679515,101.29719537652142,100.90982942991188,103.26585898781893,105.45246307287898,106.94835385609665,107.67632065131575,106.7200786785851,106.45547684476124,107.7233486870427,109.33631974215466,110.91547517004844,112.35249863896708,113.25808674668832,114.19706876299118,115.08577980942832,116.31795487021814
GPlates-7022b17a-5110-4d5f-bb26-bfc3d8518aef,Parana-Etendeka,,,,,,,,,,,,,,,,,,,,,,,,,,,,,,,,,,,,,,,,,,,,,,,,,,,,,,,,,,,,,,,,,,,,,,,,,,,,,,,,,,,,-5.258625419296698,-4.894141534560899,-4.301721573295165,-3.739229691927856,-2.871994896949748,-2.0140273573244127,-0.6253675556039932,0.8458998881106418,0.4797027038025138,0.08327422427508555,-0.47640577064064465,-1.060150563272129,-2.579511857993297,-4.135405510434585,-2.7056957546920204,-1.2919174832081335,0.5908074804776172,2.4514201921566654,3.4190866617175395,4.298984855603025,5.263174618970222,6.222674112489261,6.834578210334913,7.452315194063246,7.916939736619945,8.400657343792131,8.84625724580184,9.325507705883005
GPlates-2b9f8d0b-13a9-4fd3-9754-341e17ad6b43,Parana-Etendeka,,,,,,,,,,,,,,,,,,,,,,,,,,,,,,,,,,,,,,,,,,,,,,,,,,,,,,,,,,,,,,,,,,,,,,,,,,,,,,,,,,,,-19.337059522553762,-18.199349868263962,-16.628487224760537,-15.080814982297456,-13.104005605179564,-11.097656127003017,-7.152834547650333,-2.898199892294288,-2.288588241577013,-1.7047561743327397,-1.6188924622276757,-1.5610618511402081,-2.455904162078142,-3.4088714486621026,-1.2326783287404546,0.9405098726243749,3.760463709160171,6.498844767164483,8.43475627759252,10.1911773575343,11.336840754747474,12.463471551250002,13.097494207041402,13.7343607072951,14.07228385048919,14.427205919219974,14.54534282463833,14.699202439116197
GPlates-75a17ea0-0016-402d-9943-53ef20858aac,Bunbury,,,,,,,,,,,,,,,,,,,,,,,,,,,,,,,,,,,,,,,,,,,,,,,,,,,,,,,,,,,,,,,,,,,,,,,,,,,,,,,,,,,,,67.38405414034212,69.47688670511985,70.9309946101968,74.39695097990524,77.93693188682127,85.03538965502457,90.97766232218083,92.02962592496662,95.60272543540704,99.34042274161945,100.79087102480524,101.11129165460336,102.04251105840542,104.59231431589944,107.17760806950264,108.55676985997748,109.49620868226852,107.93733432576941,106.72092176327472,107.76067327413392,109.45789375586634,111.47386857784252,113.14409193090158,113.88107602070998,114.69057588653679,115.55915595420154,116.8597109999784
GPlates-77f4cf2f-d9e5-42c2-8d20-1c742db28f12,Chon Aike,,,,,,,,,,,,,,,,,,,,,,,,,,,,,,,,,,,,,,,,,,,,,,,,,,,,,,,,,,,,,,,,,,,,,,,,,,,-13.701041178654563,-18.997203646555043,-28.76080314418463,-34.23362168933255,-40.89266182340074,-55.17954999980702,-55.55406137809813,-57.93793596882025,-59.90953843102379,-56.671879552394486,-54.151514922553375,-54.06767217459722,-53.23938696489878,-54.697984958113175,-56.43532559817191,-58.11782335423236,-60.10614811529871,-57.80781517248666,-69.33619570698299,-82.3138491613759,-89.94028937709128,-95.23658709796993,-99.59090010569415,-98.74904928757621,-99.59657756054672,-99.13886311725629,-100.5402005543012,-94.8263560045568,-87.70877909021395,-84.73165461375409,-81.94071424236719,-82.18176076945349,-82.32088151470482,-78.85035136078783,-75.76435669007837,-72.78496649979448,-69.57002659321931
GPlates-cb91019f-f68c-4e45-bc37-fd8d0dc7c02c,Chon Aike,,,,,,,,,,,,,,,,,,,,,,,,,,,,,,,,,,,,,,,,,,,,,,,,,,,,,,,,,,,,,,,,,,,,,,,,,,,-29.44329052353668,-35.369850038503735,-44.83601673461301,-47.83679300445524,-50.660742558705,-57.83871424217333,-58.5302905628849,-60.846931565922695,-63.11488652630729,-61.884838269335475,-61.16033844064072,-60.35433710853044,-59.04314451045938,-58.650347150349226,-58.61695958112313,-59.53046673719377,-60.41342242653269,-58.1501587484852,-66.24594212343916,-75.3397401572603,-81.1875102330407,-85.732764518869,-89.08399861343996,-87.54420270244404,-87.23295531639437,-85.55117810480489,-85.18146400038216,-80.18725182667505,-74.75330905575892,-72.81894824117978,-70.98515389402637,-71.25700445310703,-71.4593749417193,-69.41119586127341,-67.5636797685853,-65.89998441675836,-63.97085219555682
GPlates-e5351f53-7fe2-4e40-909d-416efdf13048,Chon Aike,,,,,,,,,,,,,,,,,,,,,,,,,,,,,,,,,,,,,,,,,,,,,,,,,,,,,,,,,,,,,,,,,,,,,,,,,,,-16.17253790753582,-21.353666316233763,-30.239435865584422,-34.666173232759036,-40.09177785842092,-52.754442573147415,-53.3329476789164,-55.911290550839354,-58.0842070896969,-55.18083859552343,-53.02583583224497,-52.65449080807723,-51.57586226932367,-52.54081052220696,-53.84207957515759,-54.91859066610965,-56.071324534582274,-53.832060249463744,-64.45171531948586,-76.86837930625045,-84.58313241934803,-90.09733521034555,-94.42217525527792,-93.3592330289607,-93.93351185183377,-92.9158258386626,-93.69237062903076,-87.27964266971233,-79.61050136331247,-76.83503486429264,-74.26388988698125,-74.7952263759869,-75.20368702430174,-72.12001346590608,-69.40724668519806,-66.96096145690758,-64.32111588698069
GPlates-1a6c43b6-20c9-4e2a-9952-ca9cc548c01a,Comei,,,,,,,,,,,,,,,,,,,,,,,,,,,,,,,,,,,,,,,,,,,,,,,,,,,,,,,,,,,,,,,,,,,,,,,,,,,,,,,,,,,,,102.68602185785525,102.60414682647193,102.34089058282886,101.56233402540299,100.73196121082292,99.37518453242936,97.44741262086345,94.71436259944339,91.73866059674712,88.40443863309292,86.2491607116151,83.53428553346784,81.32706421559799,81.69386839524945,81.9012485298614,82.58311726927253,83.7781038404307,84.77950254062233,85.52796810458223,85.98671257042574,86.44831436601378,86.96731749225458,87.81409351167306,88.88919761593219,89.91581195404196,91.29625197305486,92.68436251392001
GPlates-ad68b2b1-f2dc-4f51-8ca6-4ec7af22365e,Kennedy-Conners-Auburn,,,,,,,,,,,,,,,,,,,,,,,,,,,,,,,,,,,,,,,,,,,,,,,,,,124.92330840504079,125.14320155265925,128.72233009963273,132.33616500843755,136.7391091930046,141.17971653283715,137.7138655980289,134.24990048972552,133.03379915262008,131.73563976137322,131.908717045584,132.08029316154676,129.64622026181829,127.37189247048471,123.47906630730056,119.84097770059788,116.14679945794562,112.53546904143494,108.54026675468121,104.55465722034991,101.29852366219198,98.07680420376917,97.65399586403109,97.09581445300314,98.39502509911398,99.82959998404402,103.2401168645481,106.98616400887164,106.95775276270548,106.91773499421231,112.78560551729889,119.57333470291026,127.66097495099996,135.09014479661684,134.57514577663807,135.51742337500235,135.5845475798884,134.4140909434426,136.56085792613646,138.52005233690488,138.40779374361486,138.4344717488686,139.26090336204794,140.3598283546153,141.83057003051303,141.45396278580566,140.06969870809564,139.0089571463253,140.70718708143872,142.09560282005637,142.78048480651262,142.61580132677847,141.3361551081616,140.55106072471665,141.1858645936794,141.8938000229543,142.6171518356967,143.37449169173163,143.7887536432227,144.27262498284617,144.80718550656374,145.73264247621802
GPlates-bbbc1cd2-ccbb-49a2-b987-3fc347a46a4d,Suordakh,,,,,,,,,,,,,,,,,,,,,-60.23577800140186,-57.17524731521786,-54.5019543755543,-54.162857682670804,-53.82428788457687,-53.29387228856409,-52.76916362138613,-53.2215471116042,-53.52420677486472,-53.86765970320662,-54.15914099092585,-53.75942603537747,-53.213119363196554,-53.01776472946707,-52.6201657895964,-50.97297624920954,-49.04134227994389,-49.22535488255272,-49.15617850517458,-50.91644174163192,-52.6539419950156,-49.63222645173445,-46.49767178346017,-44.20516954045407,-42.30602407150466,-36.17110712718655,-29.763810810455283,-30.62712574366244,-31.78928680857649,-29.936999319005434,-27.84485481543739,-23.599274433113724,-19.18957550018477,-14.085850144763532,-8.824929559236686,-15.71406310164679,-23.901982370096054,-29.79106987201666,-37.2442382366744,-37.246829621934324,-37.26762945470609,-44.03268949879628,-49.49687497593854,-56.8313955283703,-62.92021504209478,-70.2555659450061,-77.12178654647569,-85.50609920585555,-92.8741094274282,-98.28965799029942,-103.16072927192492,-106.02610826010242,-110.20832409451143,-112.30625754744965,-115.17712500014314,-114.03921213629079,-113.09439547706381,-125.78853033702896,-141.35214595881502,-161.46653076287035,-176.70082437514506,154.89163337802134,136.7816417232974,141.1018591631568,146.39519938984066,149.86730500649588,152.01568216484546,153.20106088823286,153.81817331772984,160.570826979361,167.1681600230656,160.84819887293614,154.10562340449806,146.64173913211815,142.6343452768528,139.09231763276227,138.157459591889,138.01079643252768,139.3575408044359,142.86982421230886,147.18390808233482,154.14462636881686,158.77354342810258,157.619524183739,156.81854757180005,154.80240375801444,154.91932574383264,155.29430733402893,155.53269600588948,155.44919432130453,155.39731040841758
GPlates-21eaa715-62a4-4846-808a-07e78688e2e8,Whitsunday,,,,,,,,,,,,,,,,,,,,,,,,,,,,,,,,,,,,,,,,,,,,,,,,,,,,,,,,,,,,,,,,,,,,,,,,,,,,,,,,,,,,,,,144.65277247603797,147.08433764879936,149.24267236018463,147.9344058050608,147.08823045334768,147.88447655208532,148.9161252696123,150.45154550907515,150.21399409719976,149.01972331722789,147.90134042210363,149.36872269348686,150.50839994109162,150.8414380168457,150.35290399685368,148.80446461087405,147.57173786099094,147.86310234011927,148.16963685844775,148.6009738060367,149.09071603705294,149.2061500604513,149.4102267575563,149.74253918698852,150.51125508291074
GPlates-26c6e9fa-de08-450c-ab54-8d0ba9a4d3c3,Afar,,,,,,,,,,,,,,,,,,,,,,,,,,,,,,,,,,,,,,,,,,,,,,,,,,,,,,,,,,,,,,,,,,,,,,,,,,,,,,,,,,,,,,,,,,,,,,,,,,,,,,,,,33.507527320691935,34.13611621460277,34.77602345542698,35.36596270698656,35.988208642335586,36.706012261571296,37.472510953162804
GPlates-5f46e4ef-cde4-4ec5-9ee7-b156c1ceebb5,Afar,,,,,,,,,,,,,,,,,,,,,,,,,,,,,,,,,,,,,,,,,,,,,,,,,,,,,,,,,,,,,,,,,,,,,,,,,,,,,,,,,,,,,,,,,,,,,,,,,,,,,,,,,33.622291944296265,34.67674131402812,35.579926402487374,36.4581689870383,37.377867541945726,38.750955992771075,40.217346155646936
GPlates-bfa48303-6c9f-4803-a1be-2ff76db22ba0,Parana-Etendeka,,,,,,,,,,,,,,,,,,,,,,,,,,,,,,,,,,,,,,,,,,,,,,,,,,,,,,,,,,,,,,,,,,,,,,,,,,,,,,,,,,,,-23.709396582191584,-23.20556652169618,-23.140342429384134,-22.67258281636296,-21.806636496850405,-21.9928542084064,-22.15925656512002,-22.174067692386934,-25.80373270231422,-29.54874753401562,-33.866796517624955,-38.00327575624726,-42.94728410281752,-47.367089458290906,-47.38206634810214,-47.082342187080634,-45.603604747351106,-44.45074784727234,-43.44205039820188,-42.660896189312055,-43.58831107277881,-44.65909892439746,-46.56417222655606,-48.20933186938307,-49.634444752046946,-51.006703776938245,-51.80420503969649,-52.460509191958636
GPlates-1a06c28d-b64d-4086-b449-9940283f7047,Parana-Etendeka,,,,,,,,,,,,,,,,,,,,,,,,,,,,,,,,,,,,,,,,,,,,,,,,,,,,,,,,,,,,,,,,,,,,,,,,,,,,,,,,,,,,-28.693938726652277,-28.556577642939956,-29.35032564461962,-28.645855814679464,-27.53425720733775,-27.598415545283114,-27.545894917781023,-27.33725935139048,-31.401367322822743,-35.62224984310455,-40.551974889983654,-45.149960225539175,-50.37680623360216,-55.01573700430135,-55.11146641068314,-54.790319052573295,-52.99360853244027,-51.47907802366052,-49.72437694803375,-48.28966270838759,-49.11648285033743,-50.14293845752985,-52.21703308931417,-53.98869782444158,-55.36905072777168,-56.68644108573908,-57.26589703605893,-57.697229991501736
GPlates-07e6be9c-f427-4407-8f1f-fac1fea2a482,Sierra Madre Occidental,,,,,,,,,,,,,,,,,,,,,,,,,,,,,,,,,,,,,,,,,,,,,,,,,,,,,,,,,,,,,,,,,,,,,,,,,,,,,,,,,,,,,,,,,,,,,,,,,,,,,,,,,-97.78917615775839,-99.05818995965403,-100.16511974776478,-101.8162785864023,-103.47668425509615,-105.25236024102526,-107.00361850604979
GPlates-91a2abc0-00d5-470a-b17d-fb4cddc6bc4b,NAIP,,,,,,,,,,,,,,,,,,,,,,,,,,,,,,,,,,,,,,,,,,,,,,,,,,,,,,,,,,,,,,,,,,,,,,,,,,,,,,,,,,,,,,,,,,,,,,,,,,,-14.364798463638378,-15.742875745709053,-18.448234066706483,-22.92716248078885,-27.047815834096255,-27.84235043473961,-28.626493035344772,-28.81347721376719,-29.941054534331276,-31.72436608233096,-33.7044187073786,-35.799242003960025,-38.22184602073379
GPlates-26dcfa8d-ecda-49cf-ade9-ab291b53e767,HALIP,,,,,,,,,,,,,,,,,,,,,,,,,,,,,,,,,,,,,,,,,,,,,,,,,,,,,,,,,,,,,,,,,,,,,,,,,,,,,,,,,,,,,,,,,,,,-19.03626925214269,-17.229760100895763,-15.684061442997443,-14.704398658592723,-15.221895625408479,-17.963678528296146,-19.0691799168653,-23.01700491747531,-29.493338274707146,-38.29271288868017,-49.15374261455366,-58.2479723210477,-61.37387528587634,-64.51028035243034,-65.98156024242063,-69.69950781457419,-75.88175330831501,-82.5879662978559,-91.86579386168675,-101.89854357210322
GPlates-1a4bf140-1461-4deb-b824-76f01092fa1e,HALIP,,,,,,,,,,,,,,,,,,,,,,,,,,,,,,,,,,,,,,,,,,,,,,,,,,,,,,,,,,,,,,,,,,,,,,,,,,,,,,,,,,,,,,,,,,,,-9.162118609385448,-9.147525449851914,-9.435031794456636,-10.012911355015238,-11.846408180559688,-14.99306075415916,-15.298139039057574,-17.39023377582361,-21.1480603205543,-28.987901780434843,-37.354525356020815,-45.06219675089463,-47.63159422793344,-49.89791021554592,-50.522816885811544,-53.12901090235975,-57.50099354657358,-62.42947540879161,-69.22105670164463,-77.31415010108908
GPlates-5f5275a3-1cb9-45f8-a80d-2069b723af96,HALIP,,,,,,,,,,,,,,,,,,,,,,,,,,,,,,,,,,,,,,,,,,,,,,,,,,,,,,,,,,,,,,,,,,,,,,,,,,,,,,,,,,,,,,,,,,,,4.493434473682481,3.94871099735654,3.2649905160344854,2.3774333711395137,0.3500542249941603,-2.7687327789261102,-3.0776923697271616,-4.941033702604526,-7.509041736984381,-10.9623372699455,-17.628772453531113,-24.46821215451738,-25.732753509963853,-26.685090352266464,-25.966795906845352,-27.442680253983205,-29.971519551455945,-33.090471921241345,-37.0453050462095,-42.788811609712575
GPlates-594aa134-0b90-4427-859d-e05f8a36fca4,Seychelles,,,,,,,,,,,,,,,,,,,,,,,,,,,,,,,,,,,,,,,,,,,,,,,,,,,,,,,,,,,,,,,,,,,,,,,,,,,,,,,,,,,,,,,,,,,,,,,,,,51.573071837444054,55.78275822556093,58.33030242105598,60.99392934624457,62.085931393613514,63.26040008085214,64.69592446348382,66.01621238630062,66.95168698471723,67.89094661531963,69.31796941790377,70.55928503214977,71.72520298388002,73.17287411229182
GPlates-e74f75c1-b079-4970-ab19-bf2248a85de5,HALIP,,,,,,,,,,,,,,,,,,,,,,,,,,,,,,,,,,,,,,,,,,,,,,,,,,,,,,,,,,,,,,,,,,,,,,,,,,,,,,,,,,,,,,,,,,,,25.597846555102056,25.08522046818761,24.682252574357435,23.496496886463706,20.936104508226695,17.33480247099253,17.188694156079702,15.991411692282997,14.999022085726402,14.59648736869967,12.640442402961536,10.776314506276101,13.98216676720624,17.08298859143012,20.286044478775647,22.625246539940918,26.383129808225572,30.35004410149957,36.766725341847604,43.79974320686476
GPlates-94cc44ef-8f62-48a0-827e-84007e2a9dda,Chon Aike,,,,,,,,,,,,,,,,,,,,,,,,,,,,,,,,,,,,,,,,,,,,,,,,,,,,,,,,,,,,,,,,,,,,,,,,,,,-28.336644375842916,-31.680455347201747,-35.19375053574764,-34.94895296004438,-34.702072825428985,-35.42216425787296,-36.11210643836726,-38.28094552455122,-40.11254356983323,-38.951886094517555,-38.90139866675908,-39.549231794924935,-38.81922109566805,-37.92467242951314,-38.12801787566073,-38.68622724098285,-39.19617496428476,-43.312041566843995,-47.55459297776081,-52.325306283388706,-56.768561254600186,-61.88682232326053,-66.45587262028234,-66.67238509296578,-66.63144481002978,-65.23995178114015,-64.10860840350884,-62.58377595326858,-61.22077139711466,-61.82279227779751,-62.60832235912592,-64.38902628132671,-65.93625178220502,-67.04470232408296,-68.1152244387615,-68.44700681570656,-68.65817120754399
GPlates-1460d5f6-5bcf-4f3f-a9a3-76cb0e467369,Chon Aike,,,,,,,,,,,,,,,,,,,,,,,,,,,,,,,,,,,,,,,,,,,,,,,,,,,,,,,,,,,,,,,,,,,,,,,,,,,-21.269662330492814,-26.69139483318643,-32.43846550720925,-33.55692650620264,-34.616565457981174,-35.617271608126885,-36.57521897356779,-39.72472496718771,-42.36300464517844,-41.16238207134468,-41.23006710118125,-41.974211375100786,-41.024671073066315,-39.92244310029355,-40.02490314269483,-40.43369722744479,-40.80300208974314,-45.340238105638136,-50.03780568090801,-55.362578922307264,-60.21292863705015,-65.57609064304712,-70.33546014979444,-70.64268624295448,-70.62424433718867,-69.00452828156668,-67.5992342475959,-65.40182498460912,-63.415210996961925,-63.88637138905093,-64.59612258976627,-66.50200175429377,-68.14208841411717,-69.17576066421387,-70.16718842318618,-70.2688105811998,-70.24896893343143
GPlates-4a4870a1-7dff-430c-900c-98ff9074fb4c,Parana-Etendeka,,,,,,,,,,,,,,,,,,,,,,,,,,,,,,,,,,,,,,,,,,,,,,,,,,,,,,,,,,,,,,,,,,,,,,,,,,,,,,,,,,,,-22.07000254092622,-21.50495395734125,-20.989700071856927,-20.775391965839297,-20.3390283224437,-20.75561549703207,-21.537908016645755,-22.18810218645444,-25.3766209750581,-28.630428713987225,-32.22239351832576,-35.794059743513834,-40.384594195724524,-44.54078238657738,-44.55663320892,-44.460454078211086,-43.54210293915865,-42.96387204118796,-42.81146690311203,-42.72100500615585,-43.64132131039407,-44.63872297861452,-46.21689296711328,-47.60892081497055,-48.93225027364249,-50.22499805464649,-51.12204716106648,-51.9064596771175
GPlates-eba55ab3-5055-4d92-bcef-03fb5d5ec6ba,Parana-Etendeka,,,,,,,,,,,,,,,,,,,,,,,,,,,,,,,,,,,,,,,,,,,,,,,,,,,,,,,,,,,,,,,,,,,,,,,,,,,,,,,,,,,,-25.409594936388352,-24.975232311935525,-24.863470419904687,-24.464203939688645,-23.754200263028814,-24.02740971754606,-24.462614735522646,-24.767540074357477,-28.280483322303414,-31.89036152596267,-35.97954076830408,-39.933298488216316,-44.76114567531332,-49.09613714006246,-49.130862815108266,-48.932880255510355,-47.67446181339766,-46.74161639553006,-46.00732527473824,-45.43075500554245,-46.32202781356508,-47.33546568107386,-49.10355199049415,-50.642863486097156,-51.99735035492023,-53.309053531217394,-54.09659055254971,-54.75543709855567
GPlates-bde8337a-5453-42ea-9ddb-7a38c3e3627f,Parana-Etendeka,,,,,,,,,,,,,,,,,,,,,,,,,,,,,,,,,,,,,,,,,,,,,,,,,,,,,,,,,,,,,,,,,,,,,,,,,,,,,,,,,,,,-28.8554270606208,-28.720211810043338,-29.51005114774287,-28.806837878691773,-27.70155990608565,-27.769487915549583,-27.73104140247388,-27.5385628328509,-31.600636393902366,-35.81860983297735,-40.740784803196966,-45.332342034155566,-50.55495439086394,-55.19089862999437,-55.28859563396442,-54.973457067902686,-53.18735979430409,-51.683209151242544,-49.93824120499139,-48.50938660971143,-49.3323459780166,-50.35423725460522,-52.42121714707995,-54.187434746424444,-55.56256990547238,-56.87532540344698,-57.45132300305246,-57.8798389653181
GPlates-97b268e1-45e6-454a-89ff-bad0f6c52147,Caribbean-Colombian,,,,,,,,,,,,,,,,,,,,,,,,,,,,,,,,,,,,,,,,,,,,,,,,,,,,,,,,,,,,,,,,,,,,,,,,,,,,,,,,,,,,,,,,,,,,,-49.36076691793062,-51.6584962185655,-54.215302130331935,-58.16683756714148,-61.8480176944945,-61.89180297205027,-62.20269109993498,-62.29561902879926,-62.71567141399531,-63.99493710524371,-65.05566238370025,-65.98723844303674,-66.88917573024598,-67.93625650864982,-68.9078541042496,-70.08700590954169,-71.07163005036904,-71.15857891660555,-71.15831799130655
GPlates-0b897d84-003c-4136-aaaf-f11186af693c,Caribbean-Colombian,,,,,,,,,,,,,,,,,,,,,,,,,,,,,,,,,,,,,,,,,,,,,,,,,,,,,,,,,,,,,,,,,,,,,,,,,,,,,,,,,,,,,,,,,,,,,-51.39281859838601,-53.717336975391234,-56.29296152419142,-60.25538910647041,-63.944038782666205,-63.986404614520005,-64.28995185942598,-64.366505410074,-64.77023194996967,-66.02240234249365,-67.05796018602655,-67.9866430061942,-68.88847356522442,-69.94628111710904,-70.92702093989057,-72.10959188733291,-73.1105419375992,-73.25535976379251,-73.30747259709368
GPlates-797d9523-394f-4f63-8478-2101687ba6e6,Franklin,-83.57288644545254,-83.57288644545254,-83.57288644545254,-83.57288644545254,-83.57288644545254,-83.57288644545254,-83.57288644545254,-83.4432704185889,-83.3349943463691,-83.2458328976538,-83.17404824737272,-83.11830211250162,-83.07759203483569,-83.07759203483569,-83.07759203483569,-83.07759203483569,-83.07759203483569,-83.07759203483569,-83.07759203483569,-83.13605810815193,-83.22254090609414,-83.33993782542403,-83.49241251635597,-83.68578028085794,-83.92810213299212,-84.05430491939728,-84.1935825668689,-84.1935825668689,-84.1935825668689,-84.30748887550577,-84.43027120815906,-84.56272945311233,-84.70577180414256,-84.86043301063583,-85.02789647753735,-85.02789647753735,-85.02789647753735,-85.02789647753735,-85.02789647753735,-85.02789647753735,-85.02789647753735,-85.3931935372019,-85.82384008921724,-86.3362977141773,-86.9532049389632,-87.70652453216414,-88.64281636444316,-89.83249878579404,-91.38705722106305,-93.49325948849437,-96.48698996119634,-96.48698996119634,-96.48698996119634,-96.48698996119634,-96.48698996119634,-94.54762548461005,-92.99893746290986,-91.73658847907873,-90.6898594946789,-90.6898594946789,-90.6898594946789,-89.60516287983836,-88.715732668094,-87.97481004290762,-87.34940410269853,-86.81560485559335,-86.35567898425356,-85.95620833487041,-85.60686089690734,-85.29955794597358,-85.02789647753735,-85.29955794597358,-85.60686089690734,-85.9562083348717,-86.35567898425356,-86.81560485559335,-87.34940410269853,-87.97481004290762,-88.71573266809416,-89.60516287983755,-90.6898594946789,-93.40840732205537,-97.82875646040905,-98.42145956469275,-99.09731359313376,-99.87690772920486,-100.78814655449203,-98.13612497901701,-96.17206227889031,-89.4931820359516,-85.71467297292531,-82.73460564705195,-79.91147738562566,-76.93709461413978,-73.99254568058898,-69.58480660653906,-64.65949537566301,-61.878828288430526,-59.145346950995545,-63.75696212007718,-67.94778035575882,-73.95048223535206,-79.2820721762243,-79.55774767985274,-79.84213009183408,-79.93289657481807,-80.02888497213168,-82.00988594836093,-84.15697230767421,-87.27867738776932,-90.6898594946789
GPlates-9163191c-68e5-4bbb-aa9d-a7d51d6323e7,Franklin,-75.92048582814924,-75.92048582814924,-75.92048582814924,-75.92048582814924,-75.92048582814924,-75.92048582814924,-75.92048582814924,-76.03778891371384,-76.13717517229615,-76.2210306470967,-76.29122580111654,-76.34922894777777,-76.39618808625183,-76.39618808625183,-76.39618808625183,-76.39618808625183,-76.39618808625183,-76.39618808625183,-76.39618808625183,-76.33023684903242,-76.24344977599499,-76.13259223928519,-75.99317192529135,-75.8189406672413,-75.6011051573595,-75.48717594536934,-75.36077905668002,-75.36077905668002,-75.36077905668002,-75.25677857025171,-75.14395574696276,-75.02132897125634,-74.88775926126355,-74.74191791468454,-74.58224581796136,-74.58224581796136,-74.58224581796136,-74.58224581796136,-74.58224581796136,-74.58224581796136,-74.58224581796136,-74.22718249334325,-73.7958058779924,-73.26293336359092,-72.59084213696059,-71.72042460705796,-70.55368973934881,-68.9159339396019,-66.46398926779173,-62.42653380566108,-54.69555132938292,-54.69555132938292,-54.69555132938292,-54.69555132938292,-54.69555132938292,-60.01453442457953,-63.460295556457666,-65.85630870688918,-67.61174014083755,-67.61174014083755,-67.61174014083755,-69.2435500494655,-70.45854424115497,-71.39618499213523,-72.14020104046567,-72.74379345022044,-73.24234079004646,-73.66026357359307,-74.0149500714732,-74.31911040774854,-74.58224581796136,-74.31911040774854,-74.0149500714732,-73.66026357358585,-73.24234079004646,-72.74379345022044,-72.14020104046567,-71.39618499214104,-70.45854424114994,-69.24355004946396,-67.61174014083755,-62.60813509858179,-50.183080664524006,-43.4168909964732,-34.747095466969725,-23.85696468832687,-10.88982933054909,-32.743392824038175,-46.27182636783425,-58.338148729143015,-62.70093899950553,-59.47137931758225,-56.63173177882729,-53.00973049167957,-49.63614370432326,-42.884630811204126,-35.96464721948437,-33.329943789911994,-30.880605676324592,-36.85853039058423,-42.76608901389742,-51.158544072059755,-59.29419374743028,-59.275160072455314,-59.25529347041531,-58.67517958239058,-58.05305560820551,-59.506437404208,-61.1823552771045,-64.08891875671942,-67.61174014083755
GPlates-7b949c4e-2c85-44d5-a184-873807f62883,HALIP,,,,,,,,,,,,,,,,,,,,,,,,,,,,,,,,,,,,,,,,,,,,,,,,,,,,,,,,,,,,,,,,,,,,,,,,,,,,,,,,,,,,,,,,,,,,136.53336296768217,116.46803500609572,102.41571900814976,92.05910474388718,83.76346417561741,77.67580123800266,73.75459924936035,70.59334396756208,74.07258581758664,93.72747818231073,177.51107786616834,-165.45320906859612,-172.77469962115407,-178.50125436999656,174.09284332587285,172.61202969946632,170.83328666407664,169.53372224054516,167.73275308019,166.43941882614934
GPlates-ff62b20b-787e-4a96-a68a-194d618cb7a6,HALIP,,,,,,,,,,,,,,,,,,,,,,,,,,,,,,,,,,,,,,,,,,,,,,,,,,,,,,,,,,,,,,,,,,,,,,,,,,,,,,,,,,,,,,,,,,,,-141.06232557105847,-155.6903068929251,148.855260930162,101.68907171426183,82.58815561803348,72.66288130020688,62.11979700667025,45.09862038058166,-51.122382131169495,-110.23256971377131,-126.33788943385201,-133.18736384029975,-140.6912814534338,-147.49462070229566,-154.2432391641123,-158.30186092837326,-163.46566832748763,-167.50646019414725,-172.16247118000058,-175.74057304215168
