LIP_Ids,LIP_names,lat_545,lat_540,lat_535,lat_530,lat_525,lat_520,lat_515,lat_510,lat_505,lat_500,lat_495,lat_490,lat_485,lat_480,lat_475,lat_470,lat_465,lat_460,lat_455,lat_450,lat_445,lat_440,lat_435,lat_430,lat_425,lat_420,lat_415,lat_410,lat_405,lat_400,lat_395,lat_390,lat_385,lat_380,lat_375,lat_370,lat_365,lat_360,lat_355,lat_350,lat_345,lat_340,lat_335,lat_330,lat_325,lat_320,lat_315,lat_310,lat_305,lat_300,lat_295,lat_290,lat_285,lat_280,lat_275,lat_270,lat_265,lat_260,lat_255,lat_250,lat_245,lat_240,lat_235,lat_230,lat_225,lat_220,lat_215,lat_210,lat_205,lat_200,lat_195,lat_190,lat_185,lat_180,lat_175,lat_170,lat_165,lat_160,lat_155,lat_150,lat_145,lat_140,lat_135,lat_130,lat_125,lat_120,lat_115,lat_110,lat_105,lat_100,lat_95,lat_90,lat_85,lat_80,lat_75,lat_70,lat_65,lat_60,lat_55,lat_50,lat_45,lat_40,lat_35,lat_30,lat_25,lat_20,lat_15,lat_10,lat_5,lat_0
GPlates-4889046f-6f25-4cd0-b567-fb31935bd7ff,Emeishan,,,,,,,,,,,,,,,,,,,,,,,,,,,,,,,,,,,,,,,,,,,,,,,,,,,,,,,,,,,-1.580755138972373,1.246503329681745,6.354235648493466,11.681382236283063,15.299300082273048,20.499847790276615,26.84088320111242,31.293456571353214,33.826997822997384,35.27161310229224,35.447022262109314,34.027302109258,33.74234286743116,33.67639853346571,33.67660273738154,33.676796192772734,33.58910527723567,33.53250482913539,32.455568198524986,31.410666519279644,31.16916279505409,30.937586036351487,29.527949284546114,27.6457503484583,28.32804755964311,29.019375186020717,28.408887989122466,27.646385546181886,27.536727880201877,27.33806763435611,30.489814674835436,33.477324115166525,32.40571583847333,31.494555411728907,30.309156697007516,29.86806497444815,29.769873361814252,30.35687104729027,30.540274724012598,31.14029466487235,31.867691158921645,32.52060570163088,33.53688667927425,34.25421536155938,33.42603316736342,32.6865327264157,31.78647075408961,31.344953028683808,30.69592446466101,30.037665785104885,28.97352109035295,27.872770466227507
GPlates-5492bde6-3609-45d0-b5ae-ee295ec9130f,Vilyui,,,,,,,,,,,,,,,,,,,,,,,,,,,,,,,,,,,,31.510900029828804,33.05882025089665,34.57036863532202,33.87130593590162,33.26629273120312,33.54895090022854,33.70960335566117,38.4306092287872,42.87871511564349,43.47016693892647,43.20398368844376,49.39170496595831,55.4065098458531,57.806636921062704,60.04861363619206,60.67748248485838,61.262048431532484,61.60111572115119,61.90346265045584,64.86115716817241,67.80562594290294,70.66123362950198,73.51119964618627,73.63477391461863,73.75317456866848,74.82229725355393,75.55384293219858,76.34122125995995,76.46063665966037,78.03972333816786,79.17921392100007,80.33103041897172,79.97124726085943,78.71303349605355,76.87511813260235,77.86763311138463,79.29854892640901,82.19818579693208,84.105791366383,85.59312170285823,83.56334697280838,81.70163570279313,79.79028673109416,77.35584060178988,75.66554563349654,71.01610958802422,65.83489561064367,66.64434389280791,67.44139290474443,66.87073592076864,66.02784451672905,65.8115747517483,65.47725953981538,68.46667841977091,71.31417458673988,70.36374047510222,69.63144440718871,68.55137910840101,68.16584682001901,68.10244795432493,68.6982144637401,68.92631657510344,69.54344904709828,70.24010464176651,70.82576274440206,71.5140043992108,71.80321198592597,70.83142045253636,69.9516185748266,69.05868548574519,68.47493389470333,67.55947168091637,66.63949368828634,65.21110034931762,63.763362750214824
GPlates-1070f0a1-5fe6-4adc-9e9f-37b635b69ae9,Kalkarindji,,,,,,,,1.597376299125554,0.46587401968435316,-0.4765295474143701,-0.36882836264718855,0.03592586090063344,2.3517787654488638,4.2856309344552175,7.557321745558723,10.756524478206694,13.633677422673943,16.39235406725716,16.67627992294091,16.35541984212493,13.549734491577722,10.388001426975553,5.944199133209133,1.4746337951974338,-2.6212711105247966,-7.584709388775966,-11.134863461345061,-14.935008037742039,-16.292893906865388,-17.226307264505262,-17.048311096800962,-16.534619330278364,-16.54697825576364,-16.33642731191423,-17.986151096769422,-19.654670943852487,-20.733804012934883,-21.07760429618613,-23.028156161428967,-24.75073129790456,-26.534039126086082,-28.454224172576293,-30.35313608690288,-32.28525966568778,-36.14881086815212,-40.00189586661362,-45.61114195348597,-50.84659651226322,-53.1467801324696,-55.407378783816085,-55.88909074748382,-56.41267262904402,-56.74114476522583,-57.106506910316,-56.12393458092646,-54.92623565122696,-54.402641481216094,-53.79048030117114,-53.82989871626109,-53.86986261050754,-51.376691392021726,-48.88319123347659,-45.99709106362614,-43.087714545447014,-41.689045591744375,-40.21114850325502,-39.23835838597928,-38.13409852522517,-37.171196605509145,-36.14873960474266,-38.30767547471311,-40.43288211808611,-42.840857034304015,-45.246836334661616,-47.76639397362161,-50.199970205643616,-50.642216491897194,-51.081154199545324,-54.756893138318894,-58.31048803477856,-62.83932825560532,-66.27970555789125,-65.05499977940434,-64.33519393302771,-63.38208910025844,-62.08546221051982,-61.540637345235865,-60.992798368242234,-57.167805350767786,-53.39468912823767,-53.238144135228495,-51.88509622578776,-50.8870250263327,-50.339158613807136,-50.0818254111522,-49.053647401990155,-47.93077406567733,-46.50071028668823,-44.877611565385216,-42.978062710813184,-42.175445257551424,-40.91644671973578,-39.33150408864172,-36.80978548288236,-34.04839162897103,-31.56998082370339,-29.635224764783917,-27.669372053067182,-25.960163395472048,-24.290101730279133
GPlates-b2f42bcc-85ad-46e2-8bf6-d67767adb164,Magdalen,,,,,,,,,,,,,,,,,,,,,,,,,,,,,,,,,,,,,,-33.072415159514215,-31.536982462747467,-30.127715480190904,-27.960668783491556,-25.794973400859206,-22.852348397560196,-19.822774099544837,-19.17947975080232,-19.252310134238105,-12.332022779293276,-5.410326687710639,-2.3317703656853292,0.7395390320344668,1.6481860291029795,2.5637309860159565,3.1834652717311913,3.8062034689402338,5.809430264397086,7.822828043671696,10.283176129535478,12.80807616093657,13.132849047790238,13.45830703085219,13.018520536629834,12.573723817015765,12.463568965087378,12.282073705662334,14.03344276962401,15.767562386423888,18.691312632633235,21.607198322827955,23.815895869165917,26.007472195454888,28.361808116309078,30.885460841722193,31.134437640327345,31.315066744032265,29.574443861632265,27.772112163290608,29.198072729138485,30.648350232494906,31.65955074796783,33.06381392473562,34.54451026640277,35.45356002600959,36.22891225944087,37.21684627725898,39.26092752547632,41.33559921792291,42.430313128517994,43.48148300158342,42.2872673720536,40.63962476150803,40.854450188066785,40.58650693638606,40.683807276968366,40.65387593837382,40.69396438184332,40.52723313817116,40.024556136966176,39.37358515874254,38.982484707830054,38.52010613706982,38.80110917382733,39.13074130355337,40.011318562249514,40.90820820602815,41.7709477585868,42.452406950930104,43.478023553483624,44.4308612190523,45.80822465047012,47.11688709489629
GPlates-16eb6ee5-c95f-494c-b042-b7587b61f0fa,Kola-Dnieper,,,,,,,,,,,,,,,,,,,,,,,,,,,,,,,,,,-4.658293150892277,-4.014307142593531,-3.488561050437282,-2.9155690799276677,-2.521335311486294,-1.6811340591881327,-1.0465377976770633,0.9091494228000548,2.738508896977432,5.727776871167007,8.605106922598848,7.124313537417822,4.706179121005405,10.435926879854476,16.15634873365729,18.585522583413244,20.935021926416844,21.749052721887868,22.527878275936402,23.06687823045314,23.57651221859899,26.689246700211424,29.80264539599498,32.834618132380065,35.863758621288966,36.170069642811434,36.47487833078597,37.58075254421121,38.634920929166924,40.20743688092413,41.647482237768436,44.200622406583676,46.74133777154262,50.84883097664281,54.95565181618102,58.15784415198686,61.359104032240566,62.83124689151453,63.417022248721935,61.00997916170277,58.427366367019594,54.358447287324765,50.27400681211417,50.12608075257024,49.949524075824996,48.82867347827906,48.71335158194896,45.934489539922545,42.18763516741124,43.54548941178744,45.14774311232128,46.56930938180573,47.86341307141317,48.84511488749305,49.70317908312942,51.93555778082196,53.6093275636891,52.73160639467654,51.47978724913329,50.328594882661264,49.713197013308715,49.36422119954338,49.53779902509416,49.14282367588266,49.18811488656856,49.861425174510664,50.74297490911394,53.023712218226294,54.89446998999826,55.13617721384001,55.36253419497428,55.06647342840497,55.359534370842766,55.915170748240875,56.40151075476913,56.95442076281179,57.42519293104858
GPlates-0a9526d7-1a0c-4743-accc-737a3ad0fa27,Wichita,,,3.8399045486388994,3.5262328837066392,2.601561846924936,1.6864131154850222,0.7775445791388844,-0.2959791570378416,0.12176462955113758,0.10222518141331337,0.5053796940902505,1.571770929042515,3.2774864062308975,5.586434500964736,6.98178430054334,6.323288596384781,5.65681688498745,4.982571507359568,4.300751081783467,3.611550488709227,2.91516086652585,-0.5053461447388155,-4.6215716816488115,-8.748350883105825,-15.010425112493646,-21.10329750077264,-29.30476571025874,-37.346081908670065,-40.52795305487014,-43.68530754799806,-43.10370630404654,-42.525359974936066,-40.119003508749664,-37.74917795499643,-35.34679471640987,-32.96862729184496,-30.774623544774737,-28.6210165053057,-26.7267423700118,-24.842944331925807,-23.141829353732266,-21.281945171023796,-19.32731750347684,-17.058475876149522,-14.253057142699069,-11.888100331507413,-5.9225565299667275,0.029764637518831873,2.7627503420726542,5.535031181941157,6.24295224043261,6.9916968215338615,7.486718562691603,8.011802621830807,8.370956387718357,8.730926796698848,9.86567634752634,11.096412162865175,11.329583820467086,11.564825505044682,9.858620223155649,8.156824576710882,6.468171947602322,4.7373300890547005,5.176891150872642,5.606739275288973,7.214697058261646,8.821038410023373,10.115920823748178,11.386614230586112,14.428416539901399,18.218010924173118,20.410785157724153,22.607628426177,23.40164120508085,24.166638179263813,26.172326375123646,28.18564326662343,30.32207149334432,32.15595412143507,36.08157518385605,40.092950766811605,39.96167511003861,39.8829767715269,41.14799228035165,42.472235217714086,42.97956914324544,43.55313273314224,40.721514905977536,37.725034375766064,38.593902610142884,39.224607239071645,40.16859127730783,40.919674998201394,41.6361097518698,41.74209301698,41.34376504018015,40.290692872702,38.79726117106102,36.84302224537691,35.23323513491605,34.066238086820185,34.43720630916787,34.838779304997146,35.545490630357726,35.694627861009025,35.88766016908244,36.00663580688175,36.269101151969984,36.43596057427542
GPlates-e339e6d3-3bc5-4aed-8fbe-633feb35763d,Tarim,,,,,,,,,,,,,,,,,,,,,,,,,,,,,,,,,,,,,,,,,,,,,,,,,,,,33.01533784693842,32.42989777080768,32.57423432980525,35.72033308941587,38.8528487488407,40.66827592652242,42.454124259094385,42.02827477608112,41.60008179623308,43.71606263983236,45.82892853088183,48.536038738788946,51.22378896905138,53.41306444778455,55.559361752611096,58.55161752688016,61.17558238955157,63.081214621346454,64.64271744762661,62.7555156640098,59.61195798924097,56.13566208265638,52.60554929876582,49.23737483806872,45.67366249221065,44.06173460827079,42.45998263153232,40.13649086036713,38.78389582609218,34.20587007253516,28.9789643417768,30.058629823763873,31.255627196696697,31.459473680884035,31.500240730371377,31.858023985424982,32.09846455595661,35.30475657453094,38.20254028008784,37.03410394074416,35.82317120623218,34.46651549220808,33.880999784417604,33.65695551126166,34.15033087688156,34.10561246889072,34.55334373804143,35.373419827840756,36.235534427059854,37.98666778307242,39.341853870829326,38.83866010277837,38.396537382681515,37.612145099256736,37.63967653985436,37.76356983219312,37.83296952208175,37.68824335330867,37.510731711333065
GPlates-d21eda75-0c63-4a1c-9fbf-119624765a51,CIMP - A,-13.05984865439096,-13.886969089905172,-14.82696761069417,-15.73257707640637,-16.596365412508028,-17.445610197950696,-17.846205382905172,-18.360485727781764,-17.204781741364517,-16.400324717737515,-14.554170833572167,-11.941501513375707,-8.641175846205206,-4.739735472926509,-2.317288464450154,-2.7503348897359734,-3.1925400764799448,-3.64376634664902,-4.103875805676179,-4.572730475203143,-5.050192420005867,-8.370524530647232,-12.360126566499092,-16.295234474167753,-21.503755927272543,-26.29826261848363,-32.93951848900919,-39.0023721075763,-41.70702032485528,-44.25003958372886,-43.80230522131243,-43.36270549261455,-41.47715823568488,-39.668864727583106,-37.72805787791856,-35.83614824836132,-34.028405548429305,-32.31374825128409,-30.571638918287814,-28.92195595384175,-26.829358615032913,-24.681873644215433,-21.975214347736248,-19.097722648040236,-17.64950432306404,-16.84444812160478,-10.017755391430079,-3.198712207810893,-0.135449827463877,2.937298228644,3.8070334365977714,4.695984579712458,5.293642460940264,5.903998515218633,7.399109093171907,8.899990618346918,10.979123318464499,13.135320235581995,13.439424753158146,13.74474617253865,12.83315377363816,11.918398321613353,11.232721792633638,10.481974082357086,11.815643788501479,13.130533476005064,15.666392697767067,18.190396104319582,20.127364019822153,22.04020216297602,24.738360952495096,27.843286355146176,28.851837515240632,29.81139620421929,28.950696849465455,28.01953000008157,29.723270089866993,31.448421947929386,32.91991797982615,34.55157707184495,36.99064698013285,39.03774263948063,39.54312627165839,40.21493642290344,42.10742055446262,44.04756206587666,45.004052814779364,45.9547140987109,44.073361333114896,41.81546216787013,42.28849274601812,42.337338149108,42.752526149256845,43.00575582803882,43.29340201814304,43.21403862535646,42.71639092405607,41.87962146812111,41.065056969322036,40.027804361336884,39.62122626832603,39.40400051624859,40.140645946239836,40.899514343572335,41.75334052458044,42.2690945017007,43.03088053795444,43.71197352051448,44.72750749960603,45.6529181285344
GPlates-1dddca1b-8943-45ac-a98f-a9724d65b0f1,CIMP - B,-21.314414312936552,-23.481142092937688,-25.10314255287577,-26.65527335719833,-27.42196470025491,-28.167761044621564,-27.970116356609033,-27.849923026417077,-25.972002931847534,-24.387884248291584,-21.29101895348406,-17.478776658362214,-13.06949646010647,-8.174886033696389,-5.137693008072863,-5.369734913590149,-5.611305546319472,-5.862325171525308,-6.122711725681615,-6.3923809220648256,-6.6712463569264955,-9.669125393397733,-13.25967801139284,-16.740961582753215,-20.731635256046136,-24.157530862839728,-29.07585509690782,-33.21726227485126,-35.33028240812069,-37.215628260542516,-36.89862731629435,-36.59202858984758,-35.23543026133278,-33.97668291259828,-32.5399661774559,-31.164070741789395,-29.798233820272095,-28.551640845906558,-27.083313178569494,-25.75186749761869,-23.581636536831454,-21.427922526087826,-18.441546596813865,-15.391699848291204,-14.986695770440626,-15.344641146294522,-8.45029202236346,-1.5491477658984465,1.5099320204751372,4.555806049528121,5.470769693092539,6.388207193363616,7.010644511224943,7.632637349081437,9.793939087852063,11.95827495502516,14.518530579873417,17.135192880336593,17.463706419521575,17.792734377051044,17.489099793745762,17.17101736221735,17.20144445944463,17.14632130198321,18.974193598641946,20.779459930102536,23.759227827578098,26.727347181788467,28.968937588837345,31.1920705016561,33.49096336446283,35.907930036730555,36.00481126700517,36.00418022937961,34.0459739047378,32.00416202755745,33.32939065601138,34.67521916694314,35.518286341241094,36.825053676688746,37.92386296721324,38.34419014663637,39.224539847965254,40.33087631490467,42.40457707518464,44.49881344037753,45.630496869595746,46.70300731195589,45.8031780145397,44.40961034676738,44.526780437091375,44.14430764552692,44.117394593600174,43.975828305591,43.91492348447785,43.71521407232663,43.21918872819557,42.655036192815814,42.438284304332456,42.200749167382995,42.72319679353339,43.23222534547451,44.14822415583876,45.077816699003016,45.931898105507365,46.65704325784346,47.751493666517504,48.774683494730084,50.241200563299216,51.64250987332329
GPlates-a774d0a9-9570-4a63-9cf8-f4029780def4,CIMP - A,-17.432117857901734,-19.03137641608415,-20.367743028754422,-21.649656923601256,-22.460798708179382,-23.25392689735859,-23.313138878500343,-23.46741781718815,-21.893543991850414,-20.640047235393762,-18.069719004134935,-14.755849685100495,-10.800105945000878,-6.304242392760948,-3.513738839037685,-3.8357518104540165,-4.167306891450938,-4.5082955416134975,-4.858607642159884,-5.218131628221255,-5.586754618996165,-8.750693821513757,-12.546902147291794,-16.258574373656053,-20.825399183010028,-24.891555349373157,-30.622419218958495,-35.653677814516655,-38.047803502536865,-40.23981615970774,-39.86256362134556,-39.49477675970609,-37.892869766648225,-36.38003437511277,-34.70674641156355,-33.089209381295376,-31.51427440430062,-30.04801471755833,-28.443946588004497,-26.958473693941944,-24.802582016747053,-22.63235113767219,-19.744945254704326,-16.74699561735142,-15.872893028388903,-15.715388659823622,-8.79491729502731,-1.8763211092387564,1.2083358460086129,4.289876901786635,5.19172489977851,6.1035688780586215,6.719775914193681,7.341431240696187,9.220434501287382,11.102205990943558,13.464174483730526,15.891407784888834,16.21133692016381,16.532106426551906,15.947592034718056,15.352692100525351,15.052470168998129,14.673932259410197,16.282914139912563,17.869141679457236,20.657140151896243,23.43119687852077,25.53958273744785,27.625454790973073,30.13315169259056,32.90164257069319,33.439558004743304,33.89801121463915,32.43981063735885,30.895763970967025,32.40925880807661,33.944164835606685,35.085198014969095,36.55560458028943,38.27597377100303,39.42753551650659,40.1533135399038,41.080982871485396,43.10266434022148,45.15904074597542,46.229661663130294,47.26466960191712,45.903605325753425,44.091264353160554,44.37433193474159,44.18418834146755,44.35860586530512,44.3940630456499,44.48960771089645,44.34104755033051,43.83689589032661,43.141756941645056,42.65129614088479,42.045306832230416,42.146049241205255,42.32305153376416,43.16700104502153,44.0287381617367,44.89456135916272,45.53079782019525,46.48260137612703,47.35679899660229,48.6272767257514,49.81768769480185
GPlates-b826182f-3305-4894-bec7-85446936122a,CIMP - B,-33.78734966857514,-35.99642897342834,-37.56087101238562,-36.89107422414964,-36.28080092157509,-35.73239085065835,-36.63089686874513,-38.32356974417712,-39.77280409395982,-41.249847950370885,-42.27836143359762,-42.932673833414654,-43.1493799597252,-42.829936936947234,-40.919229442164365,-39.03168004104823,-35.695682108784915,-32.78108307239476,-28.19285458228399,-23.71696020018458,-20.35777116287391,-16.94291509133755,-13.823997055151073,-10.545479676466382,-13.268604534229423,-15.332974848167217,-18.64342537325727,-21.257477183185387,-22.873035501449625,-24.2555271014919,-23.96253838114672,-23.68324949753523,-22.69191402194925,-21.828141648251325,-20.78497773457347,-19.826401410920013,-18.84175408782165,-18.00346295823348,-16.819305925126947,-15.805765695454049,-13.68815822592243,-11.640392241479102,-8.57763059141882,-5.535022937245289,-6.022612401501198,-7.377892254417979,-0.8102347229181281,5.780439896027894,8.661887668024619,11.50604678887808,12.410787372484313,13.301574822490366,13.911035511541659,14.507270845538772,17.181492613844583,19.853279910266842,22.7236304805857,25.627383969696005,25.960104295093583,26.29259399092197,26.58179310828779,26.83606873393716,27.518538748794168,28.086169370105573,30.2698032626058,32.428497409237025,36.071231468533526,39.7188294649419,42.555893493491816,45.39071368936589,47.59641090202989,49.53165731802088,48.5879764129552,47.46873415683214,44.40776360545817,41.26721038453487,42.00913714525265,42.747605826974024,42.71607135412076,43.44873326009332,42.70163751778456,41.0087016849412,42.22985505145653,43.71481025014286,45.68340093538232,47.611392514600645,48.819524692142686,49.93979177678871,50.642236728749396,50.75346890166851,50.410818094368274,49.54390741735207,48.926452610587965,48.47847253904183,48.136150363405676,48.00198749995909,47.45136859064734,47.16968832257744,47.52345392383578,48.14314259042174,50.08032485019811,51.69285980506126,52.445363574028214,53.14030705230674,53.36787987516338,53.96947784125367,55.00603628157682,55.987508508612656,57.34222873861247,58.654603258502824
GPlates-52055537-a3c8-4d4c-af93-92e821b33379,CIMP - B,-41.116311145378546,-43.312873883046535,-44.82468168167914,-44.029512309902024,-43.261812537505534,-42.52516477215539,-42.997982400839895,-44.17414501890543,-45.002041888544824,-45.76143988516896,-46.00040562970031,-45.792909292521415,-44.90753211304562,-43.46461139611997,-40.34635899616208,-37.30641948760562,-32.98702039093955,-29.14540512036741,-23.643119527787814,-18.37212067522069,-14.243879747135612,-10.232140433417417,-6.691729746242384,-3.1727849774693975,-5.835003594195929,-7.927787326734621,-11.407141684731853,-14.352916893449311,-16.119188651185226,-17.68022521925343,-17.35965032957819,-17.0528806363999,-15.928741646481143,-14.941285292047978,-13.791175368667021,-12.73569109727937,-11.67495551174206,-10.768000216043916,-9.541340653473906,-8.487498215863967,-6.3595781302855166,-4.296896636990037,-1.2355830647472261,1.8135280618481875,1.3888645968590787,0.057369411362670215,6.620960868919161,13.197034768304105,16.066516314937683,18.89415248372068,19.796447575005438,20.683628215477512,21.29090101513592,21.884014986586205,24.58524959731188,27.276122902294006,30.153219460323843,33.060894797514194,33.39353933636235,33.72594014052703,34.01433252547633,34.248546671439954,34.882713048518184,35.37418690997688,37.50441620732234,39.59823021397268,43.13731115094037,46.659087404498756,49.378177219852894,52.075754620129295,54.41512470540728,56.569196257223524,55.834799753880944,54.84471663298204,51.835466087017,48.6995356051241,49.423018270831214,50.125687217978495,50.02318587818198,50.68920065614734,49.694404938358666,47.64128486835638,48.906965567414105,50.43717864547632,52.34080969036246,54.18472478680172,55.373246071748255,56.46530432288142,57.46897731823381,57.81726551178424,57.394215711727306,56.453121061756335,55.73700767139096,55.25156865062773,54.901450577577165,54.81746203518188,54.28268395749304,54.04902919960285,54.45834405087993,55.12705800209642,57.14413730280306,58.816711113389985,59.517967457921294,60.162681723788324,60.318179533433394,60.885312617741086,61.86854284299417,62.790506795852146,64.0358296040943,65.21981027430301
GPlates-fbe33b42-900c-45fd-98a5-8fa5822e8dd8,CIMP - A,-14.53608604522061,-14.479640124383165,-14.921173496817913,-15.325461416020024,-16.24522078283554,-17.15429911764424,-17.982001744686595,-18.92121835962652,-18.26398971249609,-17.960664994298345,-16.881396497493572,-14.970720005978858,-12.293607211481682,-8.931267282844615,-6.823584590594675,-7.334062558381718,-7.852417270267175,-8.378514330590724,-8.912220103162792,-9.453401790056349,-10.001927505009768,-13.391968056485622,-17.467435779162216,-21.507229124540725,-27.074953355901563,-32.261869645831354,-39.342785123195235,-45.853568242336195,-48.670256880863086,-51.334712701484975,-50.8629918054831,-50.39835043240582,-48.410585573153305,-46.48743040561376,-44.43956601644971,-42.43174574463438,-40.523692470940304,-38.69609651884514,-36.897627609256475,-35.1752063510457,-33.13758712923952,-31.022032615161702,-28.431903594342884,-25.636154210298805,-23.905299735971013,-22.7427721008115,-16.033994191647402,-9.327849637210093,-6.300690521852926,-3.2567926840674755,-2.4107197560085054,-1.5405656809270898,-0.9571002701137278,-0.3572199992805121,0.9364515937515415,2.2528336061173113,4.200000396865669,6.238412424735733,6.535073827409606,6.833130807053411,5.808457027598983,4.792835601788272,3.9980166030271724,3.1579466402986833,4.433456168186937,5.702640826213935,8.206090190472539,10.710164597679894,12.640888699369512,14.554012883850282,17.25167469854455,20.36945609351986,21.425200046023573,22.466969236941054,21.74876274963534,21.006532876485196,22.7660421054789,24.548550000866662,26.134335314237966,27.81729652189137,30.54224316252517,33.00679452104839,33.3912290047424,33.92768087784675,35.735548160881926,37.5983362842473,38.492308634688015,39.394793671739855,37.32310124166588,34.92073427504483,35.45844495688944,35.59770121781906,36.10523353329668,36.44718997481184,36.81548321393011,36.76810473293566,36.279442104072615,35.388915042340635,34.4434212221521,33.24321079789413,32.65709329377981,32.31552701843614,33.01637142695113,33.742071518477395,34.587951874944416,35.069045521898644,35.780093777102294,36.414670253676874,37.37561676819579,38.25383601165756
GPlates-8f757f66-c44f-4207-89a3-2474503736f3,CAMP,,,,,,,,,,,,,,,,,,,,,,,,,,,,,,,,,,,,,,,,,,,,,,,,,,,,,,,,,,,,,,,,,,,,,,9.527428310695978,11.697368208698743,13.836975899965013,13.726080182789955,13.586182383818802,11.57739755186599,9.55864266500049,10.091637393130712,10.622930019345045,10.710930728478852,10.791508395183222,11.491629789743119,12.097030241768143,12.119133646798794,12.310079082536054,13.458551972352845,14.59493988378554,14.375040500818011,14.161161241740299,12.22313117851267,10.248363490407309,9.59898268167601,8.914168433080969,8.324748705126385,7.722790328694534,7.327564472604354,6.961750002958152,6.534627717951825,6.117045738808315,6.351878438898163,6.677290716220384,8.237730192487803,9.830164369491188,10.861406548298744,11.89881647334103,12.523173185501172,13.144167542376477,14.352443209670769,15.557381157881572,17.25758461248964,18.951899629584368
GPlates-d4eba375-ad2e-4e0d-9931-482576e7b973,CAMP,,,,,,,,,,,,,,,,,,,,,,,,,,,,,,,,,,,,,,,,,,,,,,,,,,,,,,,,,,,,,,,,,,,,,,-11.520076098892632,-9.036894484951164,-6.56092136139493,-6.162573607928104,-5.757371293009756,-7.064191914044345,-8.331740865054496,-7.718677079944705,-7.106241831509558,-6.700999995408064,-6.295731617360771,-4.501793580849948,-2.7269142216306417,-3.2617564609903686,-3.553779468637701,-2.8225811946503656,-2.10438705600959,-2.8295083629208704,-3.382111538984044,-6.223351602925973,-9.213800098393815,-9.896129978986615,-10.589796414754497,-10.926336915063198,-11.187776505529996,-11.357855583852771,-11.569468384751277,-12.144912851110101,-13.01057602098298,-13.710694406994866,-14.324435078822587,-14.066611466692683,-13.622649166335853,-12.777023725017447,-11.886476405907297,-10.977378439933101,-10.262670026613177,-9.10619465040791,-7.970687821707644,-6.5243443949137205,-5.116901357200691
GPlates-d49e24e0-2037-4a79-8236-cc4fe8e233c3,CAMP,,,,,,,,,,,,,,,,,,,,,,,,,,,,,,,,,,,,,,,,,,,,,,,,,,,,,,,,,,,,,,,,,,,,,,17.01340455681355,19.6185708824716,22.575123859869766,23.402982658402607,24.205919774382913,23.196330037921978,22.15493419037111,23.835206447326183,25.54010925823054,26.982031057307694,28.603439085169583,31.018104211787723,33.09232033443295,33.5843137466686,34.24615147740328,36.135550537113524,38.07484922820436,39.03220484284607,39.984563154804576,38.12333026007648,35.89838675934343,36.35481825306179,36.38649132029157,36.78968139492202,37.03609194830891,37.320964652709065,37.24132557659572,36.743674077150054,35.90753215122779,35.10031467827835,34.08602228964758,33.72792356748148,33.56497829114049,34.32069164353008,35.09920376461157,35.95719397493098,36.49689499840395,37.29959380282019,38.026172631830654,39.10871264677108,40.111629816391414
GPlates-507fc4c0-0178-4bce-b823-bc08caeaa868,CAMP,,,,,,,,,,,,,,,,,,,,,,,,,,,,,,,,,,,,,,,,,,,,,,,,,,,,,,,,,,,,,,,,,,,,,,30.322700430292706,31.85127956873553,33.291748407846995,32.39792664205838,31.444687784825593,28.459349326679977,25.404946104474114,26.19107429612311,27.02057935960385,27.217578698502468,27.011993906905808,26.37814075282164,25.572014191228963,26.22943081373653,26.93524978739101,28.431619927530026,29.465184723877442,30.895642944965594,32.40494159589902,32.71520168323758,32.5557112690607,32.34003035571528,31.600082091950604,31.142559527304595,30.64259683984192,30.305747197208664,30.14209395658162,29.59523975949995,29.25492221150009,29.60247376884094,30.328766067069466,32.24676343046956,33.84734438528934,34.913520495880846,35.837142985014694,36.263575987250476,37.01503092409154,38.11498620669057,39.15648847853911,40.62264541567707,42.06329151194376
GPlates-aa3abbf1-32e5-43f4-b08c-c15993316629,CAMP,,,,,,,,,,,,,,,,,,,,,,,,,,,,,,,,,,,,,,,,,,,,,,,,,,,,,,,,,,,,,,,,,,,,,,33.240128605846074,35.35238583476244,37.17033045601332,36.167883532986146,35.0768795794439,32.104055341574515,29.10024557465475,29.9534956381881,30.824180505160058,30.995117712111508,31.885088195493875,31.664493341110568,30.66934129438803,31.7893909293772,33.16798683035315,35.216543831183216,37.25015927675713,38.46497329747069,39.606154997072906,39.792446532466855,39.48110587592055,39.29025851912346,38.569052806155966,38.13491425084901,37.75979348216993,37.43710475391125,37.21771717512575,36.648286392926366,36.285176401903016,36.53282421197086,37.05366527653776,38.81656391388568,40.29587021145372,41.13446011940804,41.909897479979556,42.25931426939483,42.90899941332658,44.0143132355031,45.07090298985158,46.562693445002665,48.028697787257016
GPlates-1e54f701-dd8a-4fd9-9193-a25abe9153f1,Karoo,,,,,,,,,,,,,,,,,,,,,,,,,,,,,,,,,,,,,,,,,,,,,,,,,,,,,,,,,,,,,,,,,,,,,,,,,,-37.077908538955,-39.555350691913304,-41.94129691107338,-41.45649679183056,-40.97023226107264,-40.99671411563262,-41.004234231830836,-40.4074681958532,-39.62324590652051,-39.71779109765134,-39.77055562177682,-39.16530651473351,-38.499883545297635,-38.52786983244959,-38.440189462051116,-39.32034141346289,-39.686545236219864,-39.675270084338656,-39.64821587245513,-39.74140380313761,-39.83220301781516,-39.71501903632651,-39.56912418163221,-39.33908084919021,-39.06059600566149,-37.9054188524293,-36.653554740937565,-33.92452027259938,-31.15427359298003,-29.813104382123118,-28.476738714216125,-27.77571057594953,-27.08247419059317,-25.96011762568941,-24.849332203722952,-23.49031981300735,-22.142553738200483
GPlates-920f017f-6f14-4ed3-a456-2c6c9ff97c16,Madagascar,,,,,,,,,,,,,,,,,,,,,,,,,,,,,,,,,,,,,,,,,,,,,,,,,,,,,,,,,,,,,,,,,,,,,,,,,,,,,,,,,,,,,,,,,,,,-39.62029911918788,-39.19115495614918,-38.76898470154879,-38.197864509797675,-37.62417956088774,-36.87904992001179,-36.09017517240328,-34.450181634789736,-32.766332177884244,-29.752590560766954,-26.736762008789672,-25.445804007322675,-24.165836857633856,-23.54216029366559,-22.92706868761691,-22.049895209225976,-21.185180632654525,-20.258900951485572,-19.34347456964558
GPlates-d5d3c730-b2f4-46bf-9a9a-ff1d71fd3368,Trap,,,,,,,,,,,,,,,,,,,,,,,,,,,,,,,,,,,,,,,,,,,,,,,,,,,,,,,,,,,,,,,,,,,,,,,,,,,,,,,,,,42.85890953530394,43.786288266147515,44.943356164007376,47.02384935298982,49.14524674645558,50.30862715318499,51.40156715933494,50.675757470486786,49.437928675203715,49.540046213655415,49.11867725874548,49.02135582287359,48.78465465187111,48.60741847669063,48.35001073683196,47.91246924676114,47.56420711166253,47.796637464479865,49.05227620497193,50.78345611423269,51.92543039899175,53.20578453159341,54.30553994978265,55.12476992595917,55.9249073044324,57.13906129672745,58.28719495419293,59.90972091162837,61.47669320196165
GPlates-9c3b75e7-38ce-470e-a56a-8698924ff184,Ferrar,,,,,,,,,,,,,,,,,,,,,,,,,,,,,,,,,,,,,,,,,,,,,,,,,,,,,,,,,,,,,,,,,,,,,,,,,,-60.663439067202475,-63.9829842810509,-67.2946501535611,-67.38379885565367,-67.45757974112084,-71.35412088893138,-75.23335947636707,-79.78430267022945,-83.23090267327507,-83.91799382692668,-84.98572882697572,-85.20648733000287,-84.66404796931273,-85.88551302181331,-86.35327740028309,-82.88303717960186,-79.38574352806802,-79.62473233342757,-77.38774947295987,-75.10464756546254,-73.86818826927238,-73.04643213138685,-71.91911950335893,-71.39747907106597,-70.49595347221026,-69.92414194164887,-69.01555323690282,-69.75271900552556,-70.46069493173694,-70.93536453866778,-71.39280085026628,-71.58835954757951,-71.77298851742921,-72.64431482965261,-73.48813416509776,-74.6449383448345,-76.05287336913067
GPlates-0049f087-e0a2-45e9-bceb-aada87668654,Ferrar,,,,,,,,,,,,,,,,,,,,,,,,,,,,,,,,,,,,,,,,,,,,,,,,,,,,,,,,,,,,,,,,,,,,,,,,,,-59.11057705929716,-62.4442255037029,-65.76747680736341,-65.63191098099553,-65.4828731248798,-68.75697253560529,-71.83640419046476,-74.7681640461324,-76.54569750189835,-77.83584154280103,-79.37223122977635,-80.46663818292187,-81.23984258447923,-83.05767694621319,-84.69679316098846,-87.33784087051855,-86.36993051266623,-86.57838745433556,-85.34518158612771,-83.08824232114065,-81.59474023969807,-80.48296728299238,-79.30617946838166,-78.93694920585509,-78.16922656415316,-77.79954452332267,-76.99786221507402,-77.79499603060569,-78.46483433437868,-78.93153319238739,-79.38222564696596,-79.60727270847612,-79.80988850613822,-80.68142836901073,-81.52608844256532,-82.68794057496389,-84.0834581690842
GPlates-e5b8c4a6-e9a5-4f29-b18f-439135c402d6,Ferrar,,,,,,,,,,,,,,,,,,,,,,,,,,,,,,,,,,,,,,,,,,,,,,,,,,,,,,,,,,,,,,,,,,,,,,,,,,-59.823868479595504,-63.08936109114597,-66.32426168425138,-66.10627780371038,-65.87557596832588,-68.79004125116086,-71.4131588793162,-73.5547080725241,-74.60771065063598,-76.02114298112015,-77.5539091235251,-78.75227101414205,-79.77728136951986,-81.2600408871994,-82.46975308237013,-86.05776055835084,-88.73981316573237,-88.73565903983699,-87.97184630910652,-84.85710107784955,-82.84902770263203,-81.39084367879434,-80.2492946486763,-80.10779711734719,-79.58162417213163,-79.59078977040238,-79.08545077061466,-80.19271104266409,-81.14345304763354,-81.62864199420224,-82.09300076529759,-82.22282740766164,-82.31927052260843,-83.16985615696053,-83.98203392672919,-84.98359971304389,-86.01332314188029
GPlates-370d19f4-dbac-46ed-ab35-b75ad20bbfcb,Columbia River,,,,,,,,,,,,,,,,,,,,,,,,,,,,,,,,,,,,,,,,,,,,,,,,,,,,,,,,,,,,,,,,,,,,,,,,,,,,,,,,,,,,,,,,,,,,,,,,,,,,,,,,,,,44.316254863538134,44.08823507268093,43.86231951004485,43.53072663321901
GPlates-939a37c6-d1b9-4453-8476-090bf933217a,Deccan,,,,,,,,,,,,,,,,,,,,,,,,,,,,,,,,,,,,,,,,,,,,,,,,,,,,,,,,,,,,,,,,,,,,,,,,,,,,,,,,,,,,,,,,,,,,,,,,,-23.89759693793014,-17.22012099936778,-10.11189619210585,-2.442529060890092,3.3697383267319325,7.452686903882204,9.364974008294556,11.40238985013239,12.913910832498619,14.411613248148598,16.275577198175803,17.997598647797822,19.40633472408132,20.721434029833986
GPlates-c37ea3a7-626a-4d13-947a-c226030424fa,NAIP,,,,,,,,,,,,,,,,,,,,,,,,,,,,,,,,,,,,,,,,,,,,,,,,,,,,,,,,,,,,,,,,,,,,,,,,,,,,,,,,,,,,,,,,,,,,,,,,,,44.57623540133239,44.81048194251263,45.31537701489196,47.03991626041705,48.480547303221364,49.34029920811721,50.133143131147534,50.507033660918836,51.16394438808738,52.278214427294294,53.34373499576955,54.849810373213856,56.32817173952412
GPlates-8d2ed846-aad5-4473-86af-5e2029770959,Siberia,,,,,,,,,,,,,,,,,,,,,,,,,,,,,,,,,,,,,,,,,,,,,,,,,,,,,,,,,,,,58.564399994984306,59.78152483124082,60.865285061755024,62.35961362199171,63.57961478224021,66.00885980193613,68.38056462774178,72.10334252241222,75.68814361874843,78.2774279377025,80.58175688415783,83.04217315652008,84.91508777735966,82.57328489037847,79.48378019555366,75.22127083557028,70.95239695119933,70.26493640601123,69.45656459944131,67.64836876453103,66.84557990093265,62.78646676384347,57.86395125768134,59.097322830542375,60.49132082842317,61.069027408681265,61.403924911317084,61.88432116637341,62.21726912116345,65.37224398757276,68.16191626142195,67.00289248005686,65.73780684686422,64.37181864659634,63.75864121823705,63.49949022707686,63.94006345166187,63.80836334122741,64.17052603360526,64.9893870244702,65.89862757489824,67.86080053467167,69.37252530814044,68.96203524515946,68.57960467105403,67.81825352736485,67.64805884231077,67.42739283813519,67.1365101256838,66.52030381352941,65.8061299950105
GPlates-21995ba9-ee44-4ec5-abf5-dd4c75334b66,Tarim,,,,,,,,,,,,,,,,,,,,,,,,,,,,,,,,,,,,,,,,,,,,,,,,,,,,36.35714215763758,35.71642092870873,35.84592739268008,39.00800953844823,42.15823199786894,43.98456329286004,45.7841592233407,45.34429158439679,44.90171039149028,46.93634531651627,48.95253780845884,51.555885934144,54.12146196041054,56.304775430815944,58.45369186781131,61.54150393343553,64.28780991607515,66.34118640592322,68.03135513244693,66.20761111432306,63.0936209443802,59.60033273213217,56.05359832640679,52.630752461683635,49.00732545367141,47.42828916171892,45.85528432434713,43.54659031690458,42.21572686866772,37.65252439752725,32.43331191530637,33.52202967086291,34.729506225354044,34.94897269219313,34.99892301047265,35.35891735461496,35.59953094174878,38.80598268725266,41.70310781370472,40.534675833561494,39.32276047911912,37.96571332654248,37.37949768135628,37.154563980357565,37.646677499606355,37.59940426539553,38.0445800832634,38.865013897199326,39.72899108374719,41.48588082648892,42.84304859351245,42.33939940687122,41.895507170888436,41.10963440396862,41.13088673567904,41.238098099827226,41.284256740366196,41.099744724225665,40.87146073750672
GPlates-c1bf8552-f832-45d1-a4f4-e69f021c2d1e,EQUAMP,,,,,,,,,,,,,,,,,,,,,,,,,,,,,,,,,,,,,,,,,,,,,,,,,,,,,,,,,,,,,,,,,,,,,,,,,,,,,,,,,,,,-7.207814754939185,-6.180781620359319,-5.26599658967216,-5.57295638440028,-5.899016480725315,-8.116913327243415,-10.515684469214735,-11.540961385071599,-12.604771630830925,-13.494491183341518,-14.179267138981011,-14.611175986030913,-15.0115002827685,-15.550361413039791,-16.211263107677194,-16.461897850841755,-16.63178864053355,-15.763434961342979,-14.82136583551975,-13.99387915533882,-13.173330898612083,-12.535153720531932,-12.036478891462645,-10.991922473058825,-9.952750484049465,-8.462084376284555,-6.9793844021140785
GPlates-b5e9c5f9-d2c8-4531-8b66-c4a17be7836d,Qiangtang,,,,,,,,,,,,,,,,,,,,,,,,,,,,,,,,,,,,,,,,,,,,,,,,,,,,,,-48.9985187472753,-44.62498663857135,-34.678604092951616,-25.34204128935946,-17.53292259863394,-11.62715587271547,-6.263604982509719,-0.7718629088301393,4.4672448236035525,19.64790168956832,37.28532413509556,39.070703233497895,39.35290829431135,42.71720652285065,43.974757952686915,43.06849666576383,39.515834480167605,37.05451093031062,34.906978442319016,34.90723447549356,34.90748362185026,33.27829446671984,31.695922165603978,30.053631696039993,28.446905820065403,27.855294809549683,27.275670288438512,25.966927737059994,24.13621148045703,25.124461972522393,26.170865430283843,26.179951833132655,26.035246079343693,26.30073610964463,26.457151237188896,29.711820341847428,32.69086335743681,31.544153175598495,30.402877222319717,29.08338901797759,28.539978789406074,28.358741809992477,28.897521709472315,28.922585441526962,29.429209648126662,30.254751413319635,31.0954882548848,32.71706104042912,33.964257911403436,33.56508263734196,33.240937851523285,32.89877908766443,33.27445066082658,33.625679553213715,33.906051521085395,33.720675163068165,33.48598939752633
GPlates-295b3256-f370-46f9-ac2c-96b2126984e5,Panjal,,,,,,,,,,,,,,,,,,,,,,,,,,,,,,,,,,,,,,,,,,,,,,,,,,,,,,-47.13274234569731,-43.67423071144914,-40.225878714168616,-37.28212656542086,-34.66745819416617,-34.45529680002363,-34.24480232504921,-32.19860287356155,-30.117405360874923,-27.381873101495017,-24.64691412597456,-22.111168861237946,-19.57021273198417,-16.869061995993746,-14.157542149466318,-12.127377418358261,-10.095409129579927,-11.047958618418155,-11.999771906641598,-14.265232903203263,-16.528760001669625,-19.821642462168327,-23.11565293749355,-23.224094701075984,-23.331591286886674,-27.298745250899653,-31.291543302281433,-36.26427498150956,-40.29593056853205,-39.98847742229871,-37.65244645710227,-32.47504628399741,-30.460667833873867,-29.071289557360554,-27.630078612758947,-24.135509687192272,-20.44501627764216,-18.453771708475486,-16.415146836624565,-11.647344846127613,-7.890471731614892,-3.2918264222445086,2.1783964778671794,6.638964401888406,13.625011737235024,21.013335608553444,26.730242672742904,29.109083960961655,31.096683075252663,31.27935898915946,31.523947209475384,31.971074431260945,33.02059506501906,33.77230696124729,34.4875213750147,34.431875966414694,34.353385407915155
GPlates-dc035089-6fe4-491e-9e2b-64bfb80076db,Caribbean-Colombian,,,,,,,,,,,,,,,,,,,,,,,,,,,,,,,,,,,,,,,,,,,,,,,,,,,,,,,,,,,,,,,,,,,,,,,,,,,,,,,,,,,,,,,,,,,,15.311208943164988,16.383084498708815,17.266082994532262,18.454227869101544,18.97754838742129,17.0285931872646,14.503972674166999,11.643922257905311,8.571617127007306,6.1979034245544575,4.924058232533099,5.841267777422218,6.619864134034529,7.497649822578396,7.8996512036414,8.498419871521678,9.061817815090995,9.947358726844906,10.645414863695878
GPlates-492eb8ee-7123-4779-bd5e-00f4dcadba7c,Caribbean-Colombian,,,,,,,,,,,,,,,,,,,,,,,,,,,,,,,,,,,,,,,,,,,,,,,,,,,,,,,,,,,,,,,,,,,,,,,,,,,,,,,,,,,,,,,,,,,,3.6870993524179116,5.656792062346703,7.684920720430732,9.751749102681988,11.293919472411197,11.95786762493279,12.074271503381832,11.984250229959027,11.603025623308294,12.681909641326776,12.188959927216196,12.806142752795989,13.460293078694772,14.241081987834784,14.747258261809066,15.520815427661816,16.25248877239515,17.36091544350342,18.423513157780445
GPlates-c0471cac-a795-45a7-ab01-bb6bc0bf074b,Caribbean-Colombian,,,,,,,,,,,,,,,,,,,,,,,,,,,,,,,,,,,,,,,,,,,,,,,,,,,,,,,,,,,,,,,,,,,,,,,,,,,,,,,,,,,,,,,,,,,,1.8491948524304207,3.8413644316000113,5.870980695610056,7.934477463593111,9.477423628784162,9.707791945219352,9.378241287208308,8.875689280480342,8.133414986607463,9.723428428395874,9.55882281770366,10.334375225349218,10.893975873075982,11.472268503119233,11.929929481334542,12.841961403413032,13.712988001553182,14.984445072987391,16.268760777474803
GPlates-5bafd5f9-1492-4824-b469-ee8e5cc65d3a,Caribbean-Colombian,,,,,,,,,,,,,,,,,,,,,,,,,,,,,,,,,,,,,,,,,,,,,,,,,,,,,,,,,,,,,,,,,,,,,,,,,,,,,,,,,,,,,,,,,,,,5.541715244216289,6.789118047170353,8.713039650515494,10.804029976994048,12.275109026435368,12.375507332030026,11.767009678276791,10.729081487292323,9.296466173707548,9.173019474572119,8.678664920666177,9.53103599246568,10.407810658491925,11.32912428122466,11.879539561042785,12.58944781998635,13.248826190633816,14.222858140597406,15.202314317476443
GPlates-421556c2-e348-4ac3-93ce-e33950b01bf5,Caribbean-Colombian,,,,,,,,,,,,,,,,,,,,,,,,,,,,,,,,,,,,,,,,,,,,,,,,,,,,,,,,,,,,,,,,,,,,,,,,,,,,,,,,,,,,,,,,,,,,3.439780165138011,5.188075365746701,7.196178875160961,9.284841588510796,10.814663636321516,11.734382823970199,12.05765586560891,12.094877516036576,11.793845270051179,12.431172835058558,11.977427850178074,12.716883794050814,13.395340493447565,14.204349481266508,14.72606171004974,15.51081997269615,16.24728476598353,17.328661481155663,18.416427350596194
GPlates-18c7f103-23b7-4d33-85b1-13718ef1026c,Caribbean-Colombian,,,,,,,,,,,,,,,,,,,,,,,,,,,,,,,,,,,,,,,,,,,,,,,,,,,,,,,,,,,,,,,,,,,,,,,,,,,,,,,,,,,,,,,,,,,,-0.5582834506273593,0.5327692678591324,2.4240311633260467,4.50544511172641,5.953886703428772,6.031463238364562,5.38110578896885,4.2678341287198585,2.74970329414084,2.337967067450263,1.665527534729769,2.3654307673062185,3.1975332950991517,4.27907677750734,4.948079263492172,5.713659494080896,6.497829423830386,7.861293420868606,9.17687334723277
GPlates-10a2b4ae-247d-4670-b660-3badd8adc88f,Caribbean-Colombian,,,,,,,,,,,,,,,,,,,,,,,,,,,,,,,,,,,,,,,,,,,,,,,,,,,,,,,,,,,,,,,,,,,,,,,,,,,,,,,,,,,,,,,,,,,,2.4772917310164604,3.413549019653947,5.264682976750237,7.330293992642293,8.749250827320719,8.799678242902338,8.099126605078013,6.886266859215186,5.236992000052059,4.4184081985729735,3.640159208810861,4.315539557389132,5.109845925043006,6.163953877924123,6.745228231666593,7.35396205840198,7.910601409265106,8.74237011311672,9.579951586969607
GPlates-461e714e-ae57-4aee-a922-793dd191f34e,Caribbean-Colombian,,,,,,,,,,,,,,,,,,,,,,,,,,,,,,,,,,,,,,,,,,,,,,,,,,,,,,,,,,,,,,,,,,,,,,,,,,,,,,,,,,,,,,,,,,,,-4.739368955589935,-3.499320561071464,-1.5730266946773173,0.5187395250441882,1.992578179597773,2.0968451451706875,1.4982820446316425,0.4885870963577721,-0.8905176593424703,-0.8727120129077641,-1.4285790938206853,-0.7052091485400088,0.3212116998560425,1.4855029477534956,2.1682044238306437,3.133705155320156,4.13602480299019,5.885939617206525,7.755682754272152
GPlates-5164fe43-f0a5-4c74-8972-9b84bdcf5359,NW Australia Margin,,,,,,,,,,,,,,,,,,,,,,,,,,,,,,,,,,,,,,,,,,,,,,,,,,,,,,,,,,,,,,,,,,,,,,,,,,,,,,-35.550508865896774,-39.45597434724256,-43.323257253006574,-48.29209641197795,-52.341133446734446,-51.485183291085654,-51.28063362313595,-50.66912701118879,-49.60178683174908,-49.89690665622593,-50.208331880154034,-47.426140325114936,-44.58672564483855,-44.46954556263138,-43.87062915471421,-43.723307593917,-43.97032177389034,-44.5264195008292,-44.1161522480097,-43.021752413698394,-41.728490223559376,-39.95212181768652,-38.088448803761175,-36.872645317580286,-34.930806259655064,-33.097428450320095,-30.4880265605308,-27.90089877603006,-25.48767281862932,-23.34272972720357,-21.193354329366976,-19.398387644184993,-17.71871092016429
GPlates-db59721a-6116-4312-8134-dd31f21a8731,Parana-Etendeka,,,,,,,,,,,,,,,,,,,,,,,,,,,,,,,,,,,,,,,,,,,,,,,,,,,,,,,,,,,,,,,,,,,,,,,,,,,,,,,,,,,-10.729400214871632,-10.680433122883398,-10.003894340503544,-9.313354658278481,-9.370909488925731,-9.378511473562858,-10.713513097702991,-11.8796267305169,-12.21297712120017,-12.564549363126739,-12.928157432815413,-13.300797915827712,-13.463500148410635,-13.59823502404395,-13.72963054210271,-13.835146175161924,-13.15978632625888,-12.384574670241001,-10.198910800914772,-7.961357169039899,-6.727370154885779,-5.490400596411866,-4.796355010536543,-4.107829800807404,-2.8814719143015877,-1.6637391512950184,-0.05379441620533843,1.543157954665688
GPlates-50210dad-6e40-499b-a08f-45a3c7020df2,Parana-Etendeka,,,,,,,,,,,,,,,,,,,,,,,,,,,,,,,,,,,,,,,,,,,,,,,,,,,,,,,,,,,,,,,,,,,,,,,,,,,,,,,,,,,-32.17601433399275,-32.55329188237613,-32.3413390166002,-32.07707566084177,-32.59052920098678,-33.008061691552314,-35.07057778910181,-36.7237816775499,-37.16126850765349,-37.58505694032478,-37.97897598447603,-38.36833212521647,-38.534737906924654,-38.66146066195034,-38.76724347473657,-38.82888542225552,-38.072229480691654,-37.19237038197178,-34.848886647540056,-32.42887900292522,-31.145767666213413,-29.86097678615467,-29.156105423582932,-28.45760179823195,-27.251638792821133,-26.05554478834124,-24.51009456571194,-22.975707321024654
GPlates-eee42365-0718-452e-97dc-bebabd71e007,Bunbury,,,,,,,,,,,,,,,,,,,,,,,,,,,,,,,,,,,,,,,,,,,,,,,,,,,,,,,,,,,,,,,,,,,,,,,,,,,,,,,,,,,,-64.2124135888759,-63.986236760597166,-63.22875286453301,-64.14821497984389,-65.00361486864931,-62.955815195812804,-60.58969658491518,-60.48852298730675,-60.109971593428426,-60.12635655123884,-60.460279892215716,-61.04882432555831,-60.625054103716025,-59.52449361115795,-58.21532702796686,-56.44122270065143,-54.564784960762196,-53.37370407068554,-51.45247242463049,-49.62017604976377,-47.010530871427235,-44.4176291741279,-41.99754008836669,-39.857104726191984,-37.71061196134275,-35.9159050587639,-34.234387866004816
GPlates-3d328505-a2b6-4ebd-ae5d-189016795273,Comei,,,,,,,,,,,,,,,,,,,,,,,,,,,,,,,,,,,,,,,,,,,,,,,,,,,,,,,,,,,,,,,,,,,,,,,,,,,,,,,,,,,,24.970007841059523,24.700652838878,24.280739090650517,24.389257394995123,24.39804908911901,27.65473662604459,30.68509613150132,29.569019550241126,28.528545454333752,27.264892573337743,26.772333050136556,26.63748082516315,27.215296843895178,27.323316963763713,27.889201605398632,28.69096077401661,29.467907340100577,30.849137052907476,31.888186260516147,31.387298763195428,30.970320059080954,30.406690768109776,30.432643225901398,30.415442848065762,30.35056129030079,30.00374990217111,29.61305553497662
GPlates-eb7de247-1c07-4f75-9a52-c602b2710fd8,Suordakh,,,,,,,,,,,,,,,,,,,,-0.46955914217416167,2.310512740105028,5.469566544004602,5.476646699237198,5.496873755825175,5.700491463546737,5.91872274640843,7.424390532318736,8.934849627860622,10.921205055506567,12.915878086962765,15.697457362246514,18.456898926790387,21.453499617568227,24.43331633408452,27.510635367780996,30.478565055364655,33.51122549390625,36.54736859051804,36.94419542767807,37.42462061525333,38.5809640227358,39.62486056788917,42.692773005437296,45.35759357921809,45.970744546666516,45.85192621249273,52.861855351626104,59.86243125581729,63.04971998934806,66.23673353442517,67.22824535942308,68.23142617617546,68.93788203369348,69.6497128018861,71.3457048189322,72.68504771487754,74.3301236769587,75.68291297506937,76.05512768741195,76.42758719707277,74.49217492786401,72.43811761706145,70.08817602811345,67.58134386636249,66.785169235714,65.73930429459607,64.21793563075163,62.31660312462175,60.62884254097042,58.79323201479658,60.08694932101659,62.321541106966635,65.96020637339593,69.55355923444871,73.82008893867767,78.6062902504261,79.98354386225125,80.77158239267993,81.61668356865262,80.83149665626608,78.92321617987572,75.48302761998801,75.5576422629644,75.37424036609477,73.6996102342078,71.87322394194894,70.99098202193196,70.0798293059423,71.6463306854811,73.02273358354991,72.84651721588833,73.08245166775701,72.85190475393263,72.89464204537495,73.07562087394662,73.56807302874819,74.09195251162275,74.69430581473183,74.88115376560951,74.76447459494912,73.63007285318474,72.4682845447288,71.51984810870805,70.63774202219057,70.07438017393963,69.3711882514479,68.20715248202849,67.08313670664947,65.45081806560702,63.830659876262885
GPlates-f6e5b4e8-f61e-454c-9fe9-750ae04ebfc8,Afar,,,,,,,,,,,,,,,,,,,,,,,,,,,,,,,,,,,,,,,,,,,,,,,,,,,,,,,,,,,,,,,,,,,,,,,,,,,,,,,,,,,,,,,,,,,,,,,,,,,,,,,,8.079883371272224,8.759628052768392,9.430611872306935,10.463565715021755,11.479240488828847,12.648964308662284,13.790691744678762
GPlates-2e938cbb-006e-4057-8dff-e4a07e3f8904,Afar,,,,,,,,,,,,,,,,,,,,,,,,,,,,,,,,,,,,,,,,,,,,,,,,,,,,,,,,,,,,,,,,,,,,,,,,,,,,,,,,,,,,,,,,,,,,,,,,,,,,,,,,14.39829409745644,15.4147690708719,16.32103341941994,17.554216978118845,18.76576331167475,20.389737950123454,21.9875049597584
GPlates-b9b88ffe-dc39-491c-9dab-5bfd7ba8383b,Parana-Etendeka,,,,,,,,,,,,,,,,,,,,,,,,,,,,,,,,,,,,,,,,,,,,,,,,,,,,,,,,,,,,,,,,,,,,,,,,,,,,,,,,,,,-33.59155711965322,-34.091025800121905,-33.7704608638829,-33.038782176628715,-33.72304218445176,-34.2451779660956,-36.97990566416453,-39.830879614002605,-40.61828406040742,-41.404105571960805,-41.83329674752245,-42.13296231533989,-42.31219074750057,-42.52333933009024,-43.099003395119055,-43.96507691146652,-44.64631262534382,-45.21289701438744,-44.83485095796597,-44.246898060036976,-43.399275254189284,-42.52271215172973,-41.684935854394986,-41.02037866735542,-39.881867542572735,-38.76003953596874,-37.29346833537415,-35.85775807095332
GPlates-8f4a338d-be93-4c37-b179-6facdbeb0639,Parana-Etendeka,,,,,,,,,,,,,,,,,,,,,,,,,,,,,,,,,,,,,,,,,,,,,,,,,,,,,,,,,,,,,,,,,,,,,,,,,,,,,,,,,,,-41.6797407022727,-42.08573596347317,-41.4849192965212,-40.84271718221532,-41.66977826718566,-42.26465930354304,-45.17756965878709,-48.19150127707642,-48.858163806754625,-49.5017645530494,-49.707436165747055,-49.820428952212716,-49.87724495669867,-49.994415368567566,-50.570908608013895,-51.50972311529924,-52.38071364556268,-53.128702489809186,-53.00193187406802,-52.59937578345694,-51.75409504972059,-50.862890373200464,-49.94246552860602,-49.21059487194955,-48.04709062500674,-46.90585118950179,-45.47265690307727,-44.07813014486371
GPlates-6789f9c2-8ff0-44ba-b711-97fc726e4717,NAIP,,,,,,,,,,,,,,,,,,,,,,,,,,,,,,,,,,,,,,,,,,,,,,,,,,,,,,,,,,,,,,,,,,,,,,,,,,,,,,,,,,,,,,,,,,,,,,,,,,53.75233224689896,54.27762747082482,55.785072212636734,57.97779012668973,59.501821663337296,60.86519447688665,62.00803139858347,62.77033314230811,63.6238180953074,64.92613186740925,66.17151803046494,67.91304564318223,69.61510716707022
GPlates-30d31ef6-bdc9-4ca8-860e-4cb578b6ad95,HALIP,,,,,,,,,,,,,,,,,,,,,,,,,,,,,,,,,,,,,,,,,,,,,,,,,,,,,,,,,,,,,,,,,,,,,,,,,,,,,,,,,,,,,,,,,,,75.98749631001023,75.5670573519363,75.41651385915235,75.10104266866074,74.83499039613284,74.566867366101,74.10555776626967,73.73880794278604,73.78390397151118,73.66058165221528,73.98353665742374,74.08165122849287,74.86635838932584,75.65265383796884,76.50965490689642,77.02504278042082,77.71980965914884,78.24036926211477,78.87186539528251,79.17777017543955
GPlates-eeca8e7b-683c-46b6-b484-b7de4db5e659,HALIP,,,,,,,,,,,,,,,,,,,,,,,,,,,,,,,,,,,,,,,,,,,,,,,,,,,,,,,,,,,,,,,,,,,,,,,,,,,,,,,,,,,,,,,,,,,69.37449361043623,68.81801503024123,68.5627824495709,68.22994392269091,67.99500355013105,67.81196583616277,67.47372011808268,67.31810723103594,67.65035401424836,68.4704822180931,70.0708098858384,70.90910311795041,72.06256517154283,73.0699415427945,73.92968378844827,74.62461503602111,75.64019366305037,76.53519428886948,77.74795150915503,78.74674068074258
GPlates-5ac98af5-1e77-481b-9e8d-4f720744ee98,HALIP,,,,,,,,,,,,,,,,,,,,,,,,,,,,,,,,,,,,,,,,,,,,,,,,,,,,,,,,,,,,,,,,,,,,,,,,,,,,,,,,,,,,,,,,,,,67.98710259700196,67.22372666939599,66.75690419164526,66.31948553889039,66.02788288732727,65.93900232090014,65.73889553103056,65.87099174578641,66.63280643799818,68.30396409983294,70.76487304900134,72.44106925438544,73.8206051364537,74.96908338211823,75.7136283612678,76.57767531407178,77.89440655322761,79.14929225092057,80.88834106407444,82.55739828954624
GPlates-b0a579a8-4d3a-4149-b0ee-41c34684295c,Seychelles,,,,,,,,,,,,,,,,,,,,,,,,,,,,,,,,,,,,,,,,,,,,,,,,,,,,,,,,,,,,,,,,,,,,,,,,,,,,,,,,,,,,,,,,,,,,,,,,,-31.285212448780094,-24.98735396855557,-18.280656057553706,-10.883689625247381,-5.154444579121765,-1.1074823927617223,0.71130285776354,2.639039174057104,4.027257987073108,5.418359273302381,7.257106379861869,8.973908410781625,10.395279984173005,11.726767336288525
GPlates-a15e496b-80ed-415a-99a4-8f523f56155c,HALIP,,,,,,,,,,,,,,,,,,,,,,,,,,,,,,,,,,,,,,,,,,,,,,,,,,,,,,,,,,,,,,,,,,,,,,,,,,,,,,,,,,,,,,,,,,,71.60389322922829,70.48783265014087,69.52494179887822,68.95513814228885,68.59732691777747,68.6525365875522,68.17815522039412,68.07801431538056,68.62056858810666,69.39945692041142,71.57795067292062,73.3732167240074,73.9155315201291,74.39230421505553,74.32166208843029,74.75239727848906,75.50207767414123,76.15051846410113,76.87853575899672,77.41931808337527
GPlates-9daa7239-e290-4b5c-8589-43eec93548fd,Parana-Etendeka,,,,,,,,,,,,,,,,,,,,,,,,,,,,,,,,,,,,,,,,,,,,,,,,,,,,,,,,,,,,,,,,,,,,,,,,,,,,,,,,,,,-20.53016500481115,-20.76362899901062,-19.978059161745765,-19.21843734882891,-19.860234352082422,-20.36422341422945,-23.066160484137434,-25.906845277799494,-26.698731754738233,-27.50042745907452,-27.97392889915747,-28.324925753147888,-28.543691490938894,-28.787623468381938,-29.360374834694284,-30.196951947820576,-30.816745120874852,-31.33717890355711,-30.91958709889894,-30.32293980978472,-29.47530044475326,-28.598682624263127,-27.76378714877352,-27.105122241838103,-25.970169554031095,-24.851688538250215,-23.381757019365594,-21.942090077227032
GPlates-882ea69f-6eae-4697-a2da-af2d27beeed7,Parana-Etendeka,,,,,,,,,,,,,,,,,,,,,,,,,,,,,,,,,,,,,,,,,,,,,,,,,,,,,,,,,,,,,,,,,,,,,,,,,,,,,,,,,,,-29.37420575903635,-29.89152648444919,-29.55887805855889,-28.85221125181493,-29.5829405148518,-30.131253009388917,-32.93929440035907,-35.86887196023771,-36.600167098464844,-37.328156506509195,-37.679758419742704,-37.92518811043122,-38.07317155762993,-38.26250590061253,-38.839266774990406,-39.72375288208899,-40.455520663766265,-41.07803747921998,-40.791270103593796,-40.28572317080592,-39.4382520126226,-38.55347511666113,-37.67596921564114,-36.981283487123804,-35.83094918160458,-34.699830719856635,-33.245363861132816,-31.825803675774235
GPlates-7f2429ff-6f60-456b-ad24-8e31ea16df51,Parana-Etendeka,,,,,,,,,,,,,,,,,,,,,,,,,,,,,,,,,,,,,,,,,,,,,,,,,,,,,,,,,,,,,,,,,,,,,,,,,,,,,,,,,,,-41.57510496194674,-41.982065161411256,-41.379190113953285,-40.739446220252276,-41.570395394183514,-42.167362201939525,-45.08559954815037,-48.10501424176197,-48.76706054817606,-49.4057132158082,-49.60458183594192,-49.71252962158881,-49.76629789972594,-49.88123541711683,-50.45762588980634,-51.397939096010326,-52.273484513349665,-53.026322575485764,-52.90749025480591,-52.51177991378867,-51.666753392254066,-50.77514584436271,-49.85180193412663,-49.11768831012367,-47.95353829965077,-46.8118436746837,-45.38000798413504,-43.987116616461776
GPlates-bd37c2cc-5ac1-4e7e-a257-bdad7a38d49f,Caribbean-Colombian,,,,,,,,,,,,,,,,,,,,,,,,,,,,,,,,,,,,,,,,,,,,,,,,,,,,,,,,,,,,,,,,,,,,,,,,,,,,,,,,,,,,,,,,,,,,7.058280242980758,7.292674824625515,7.454120258940824,7.539872758632023,7.515793399392294,6.947219702772634,5.9565270195910935,4.893364481822408,3.90822199366928,3.551619646488308,3.4556947407286978,4.24593413701244,5.130800624527654,6.240049253419381,7.114785914669577,8.288358921628593,9.5892138909964,11.646907874554937,13.584987196492415
GPlates-96000193-3378-4ad2-a0de-7f035bd866ac,Caribbean-Colombian,,,,,,,,,,,,,,,,,,,,,,,,,,,,,,,,,,,,,,,,,,,,,,,,,,,,,,,,,,,,,,,,,,,,,,,,,,,,,,,,,,,,,,,,,,,,6.303709218304979,6.610051212441963,6.827430667215399,6.948254943168017,6.9509539137583145,6.386439746584001,5.383322661828784,4.275685567919441,3.2464680530195658,2.813536250812042,2.6526344766120022,3.4316716426242597,4.310674002777805,5.437343047754533,6.326415359211211,7.495265719212395,8.81983886494209,11.002114483303549,13.06612537110671
GPlates-a40eefe6-836c-45a5-a6a2-af423f886f6d,Franklin,1.0013013967108864,-2.190667076761317,-4.463670728870098,-6.74671154932989,-7.347186910828414,-7.924607574954151,-7.040827858536716,-6.3020674151896126,-3.89156926234401,-1.8214250009599338,1.8539033133410256,6.028360449112304,10.632670181121108,15.601846859326093,18.641348322389415,18.400784197143246,18.14540645742091,17.875376079501937,17.590860830924083,17.29203481021959,16.979077982441147,13.901500138933656,10.190203699792633,6.547653100011581,2.0443229765085826,-2.1334982547935493,-8.260302918838688,-14.061856446389466,-16.755268352965484,-19.3215623662487,-18.865925709415826,-18.419924579561176,-16.525526314810126,-14.735483027928007,-12.834645270244561,-11.00733921642768,-9.272559339895487,-7.655508004174573,-5.973841978177774,-4.4055773767801645,-2.2725096953659536,-0.10694755641552357,2.6961319775894883,5.633671474550203,6.787522749166434,7.118852688698299,14.033627060396862,20.944114343110492,24.02927937192219,27.11377321765987,28.01066199852326,28.919226599909894,29.53248146890934,30.152704669085953,31.920967485841356,33.63148301617888,35.82563240120087,38.0544746455603,38.36183614966474,38.67019449405665,37.785096666745005,36.84385460301646,36.05306341548416,35.121117567066094,36.24720890040756,37.297083221597646,39.502670778425795,41.62333618505658,43.22887276271343,44.761833308039975,47.71954454479077,51.28223047250357,52.898806419539106,54.32667426366978,53.810053076749426,52.969291666957176,54.65506304763466,56.34367391253309,57.69995820063005,59.25545809595074,61.14631000152144,62.06732355082957,62.88587826017018,63.89228691184699,65.93480150002907,68.00533369093058,69.0896063533193,70.1308080523747,68.70610760247743,66.67426735980646,67.06617001906528,66.97445153086035,67.20919366580202,67.26437435220474,67.35048728540973,67.19300745220941,66.68951447095682,66.01023287938797,65.5009964669184,64.75977248374188,64.54402654313611,64.3517558565252,65.07359675174003,65.8073325084968,66.65321056084203,67.12424788726914,67.78564443078785,68.32626656021962,69.0871276357258,69.66515099102615
GPlates-201158c5-c284-4c64-9eae-069140484c8c,Franklin,-4.415302132807314,-8.160939768908687,-10.695702779931878,-13.225594465120711,-13.75877993565246,-14.26603830126479,-13.113862861853946,-12.086128570773834,-9.400896071530072,-7.016335468535437,-2.8425669243972984,1.8038801543241205,6.842921894528229,12.201482067079212,15.496255833314544,15.371383633476425,15.231882446757728,15.07783577001401,14.909335091318667,14.726479632673417,14.529376075006741,11.689383374965226,8.260679084501586,4.91821645268258,1.107704883541168,-2.334392283168483,-7.578100284368772,-12.452008657762038,-14.878730426853288,-17.15255211318508,-16.75517363343599,-16.368896074447097,-14.713019334208091,-13.17683234691687,-11.511093068528641,-9.929897546832494,-8.40936860948071,-7.023791946486981,-5.4802238098922205,-4.075232684985124,-1.9072622111994724,0.2571484548165798,3.2044645816070636,6.234103652259679,6.814188331760413,6.513902675702819,13.40534738844756,20.301524708421955,23.355463599423064,26.393230866158518,27.309234210381963,28.22651908264798,28.84923326961678,29.470570550780447,31.65290012372107,33.79329419815282,36.30959091168065,38.861703954795225,39.18706787724546,39.513042692321676,39.058898063826526,38.537661962211025,38.252166083618384,37.807099382358444,39.3153877514325,40.752336141071304,43.35222247425304,45.881373750225066,47.78218524663609,49.62047812423944,52.386233329575745,55.53983615497839,56.44491463173024,57.0847059842286,55.5981211293529,53.80507324530821,55.17477718663863,56.53408123858935,57.3350020027693,58.5814049894284,59.25299995738336,58.77637116374391,59.84932139114519,61.1604907742584,63.23395170215556,65.33296792544745,66.53117880287205,67.63661967581918,67.34445482233261,66.32895436746881,66.37678392486708,65.88160944790083,65.69305418274764,65.39800021603763,65.1849071125886,64.97174703721048,64.59216763495532,64.35379349421588,64.68225676808935,65.98545871591469,67.68605506738383,68.65748380546974,69.86292987611883,70.90901682544278,71.7581434063343,72.49656169023602,73.59287108668404,74.58842085087652,75.9648452663106,77.18538890066831
GPlates-b7f48a03-8c11-4599-9ac7-1f56bf2b1231,HALIP,,,,,,,,,,,,,,,,,,,,,,,,,,,,,,,,,,,,,,,,,,,,,,,,,,,,,,,,,,,,,,,,,,,,,,,,,,,,,,,,,,,,,,,,,,,86.07173112569467,85.7134905510041,84.7473556612355,83.84554687571655,82.94860931668767,82.72128759988094,82.95881917385357,83.98425513784554,85.80908539930658,88.10520485114978,87.71295627285691,85.6988211020407,84.84656518552575,83.96825362352614,83.46871016260461,82.58640061648181,81.2262735548449,79.89835380810379,78.08423568224076,76.27133006520818
GPlates-cd5e10b8-edeb-43a1-8c26-9774f9185613,HALIP,,,,,,,,,,,,,,,,,,,,,,,,,,,,,,,,,,,,,,,,,,,,,,,,,,,,,,,,,,,,,,,,,,,,,,,,,,,,,,,,,,,,,,,,,,,87.15734788176569,88.35384178620721,88.84228727837171,88.3467685357256,87.48071610695712,87.23725168441361,87.40842040654286,88.29089011671968,89.44586724344303,87.26432573297436,84.60902432496222,82.4507822856942,82.01377034780229,81.5190542703438,81.46106583254715,80.75153579785287,79.5985928354845,78.41153284416406,76.79376201422214,75.11611525792537
GPlates-9e3dcf99-c2d3-47f5-8946-25d0978f18d8,Gunbarrel,13.388167648654452,10.508654145617426,8.342904401494762,6.130398087358189,5.515247994035437,4.920400546041106,5.713440940571367,6.322912834300865,8.576162833110631,10.437533449210386,13.716893964033984,17.442752291264842,21.565942995033648,26.039044669035764,28.729228709684882,28.36047084038978,27.975695683207395,27.575209183544693,27.15932195215879,26.72834836338649,26.282605690255973,22.993400626794752,19.02961430785809,15.108949624558512,9.845064241885412,4.81310233539726,-2.345210383859977,-9.30565000014927,-12.304324726139756,-15.224972608357385,-14.69608339448101,-14.174399776415184,-11.984802548496903,-9.87624031075434,-7.69344412577694,-5.568664623769673,-3.582986834502975,-1.6889019925586448,0.13243815193407008,1.8791238401607822,3.892127173522809,5.986944534730962,8.487416746324847,11.188055535640284,13.129290267830882,14.325969795388342,21.048037588641193,27.732442460699055,30.7424352611954,33.76703200397141,34.597886026345854,35.4539223500219,36.02597451813991,36.61633186326029,37.68910624280357,38.66093327808414,40.23426186863347,41.81958232457912,42.078713842082436,42.33915339772592,40.82606559534117,39.268402482466705,37.70082998718185,36.01537695907985,36.42584211593073,36.74618723638023,38.126043781748095,39.388818524628284,40.36186740679011,41.24309622027546,44.33015186132463,48.30292530073151,50.95272279332304,53.512974259802924,54.62720852820743,55.41960242716491,57.41217018385948,59.411363243422116,61.4743376880931,63.29657942595924,66.88743712579078,70.01020662239834,70.2616990790822,70.55706036467305,72.10287930184455,73.62922933642463,74.22043117429422,74.82874951876322,71.98519057404957,68.95210833518391,69.85141210012682,70.5033753273895,71.43278278914653,72.13929402819434,72.79297055976899,72.85962050021872,72.427093366964,71.40416030227662,70.01253513655078,68.11921821412318,66.45960987135068,65.14611787897124,65.40810341851794,65.67729191541979,66.29402247629363,66.28120447521844,66.18301452186843,65.97107872470265,65.70478503915432,65.26475332792562
GPlates-abbf9e5d-029b-4261-8eb6-3c41102224b0,Gunbarrel,11.606184372439733,10.892990024778115,9.873111043047258,8.786729716818984,7.953765112837354,7.134804188281475,6.872916090616953,6.420136842514596,7.552733265020942,8.230142553466923,9.66797859295078,11.653224457946665,14.152002156167466,17.125086599910595,18.883504643099894,18.287049944801694,17.680092790724885,17.062912087328154,16.435782351122434,15.798973536642105,15.15275089299373,11.720120003670214,7.590156647388827,3.4647779709644,-2.6205588798165227,-8.518497059236784,-16.54831088562082,-24.41380513036298,-27.57737956705218,-30.705816678778007,-30.131305477526315,-29.560878145089816,-27.18398922262089,-24.85337935679635,-22.481753211398484,-20.141843979376024,-17.97779798232999,-15.865643211850838,-13.973670708914078,-12.10616169314711,-10.327387924119959,-8.409523890803724,-6.346858188851267,-4.002794800568724,-1.3219543241927787,0.8352366742618268,6.98201696003405,13.073470949573132,15.850042288396379,18.656653269698815,19.377380594944018,20.136571402848112,20.63836377943832,21.168955798961154,21.557215054612044,21.901573200104323,22.985506928750826,24.13142267633261,24.355570066022253,24.581589088964122,22.797518105469756,21.00441271540659,19.17200371240426,17.276766175576405,17.50789977951165,17.700853715701776,18.998951780671728,20.255977459085855,21.27523133455112,22.24786688354324,25.333382403080893,29.27156872615953,31.83387550832721,34.375534372551556,35.621985747811195,36.76126305743059,38.788527387511145,40.81880234119595,43.03941540875705,44.873893497280434,48.97310925836555,53.16735284672686,52.96897512859107,52.79066815666533,53.92469918091035,55.09104894559885,55.4818366604409,55.94306821528281,52.98014199319545,49.90029541095768,50.84291583573898,51.59927344254636,52.638004169653954,53.47748869615774,54.263624097882825,54.40458572479994,54.03751198665967,52.970923351030756,51.37971155346782,49.27762849086801,47.41675724258757,46.023183330782615,46.269238166714835,46.54114978325058,47.16922341433819,47.187088072292354,47.167991281299095,47.06888673101967,47.01496036675706,46.84659153922934
GPlates-bcf25c5a-7393-4d01-87f5-f4183540744f,Mundine Well,19.606886903699678,16.887279186231567,12.726406320462207,8.042994816883569,3.0972066049896947,-2.39627920866021,-6.073678137672283,-10.394060449398701,-12.364839020236866,-13.996774031522888,-14.054106903143499,-13.798059388695426,-11.361213797673953,-9.254773139167119,-5.954618628007564,-2.6910664887707623,0.3952074087949803,3.3977118813136142,4.364707544522505,4.844674588594328,3.308408384695356,1.564760767420052,-1.3949378840464732,-4.272039184627043,-7.023563243207665,-10.764517975814933,-13.7995888819564,-17.255700779901563,-19.500672093601878,-21.364798392273947,-22.257612764159568,-22.78855913022901,-23.650077603257778,-24.264869244216534,-25.80253922899938,-27.386385969244287,-27.637069943549506,-27.10494444942677,-28.597814505435128,-29.7902010023034,-31.82990974003057,-33.940815704839075,-35.648609510486125,-37.43576768646554,-41.372768440353504,-45.308389358745494,-49.22234960921219,-52.360857165278674,-53.62710651864234,-54.786003798781984,-54.88235458187329,-55.025786432716025,-55.08980811790977,-55.196811760136725,-52.98734648735011,-50.67353183047544,-49.04321210072586,-47.391428022630855,-47.311398994810226,-47.23247876110259,-44.75111162464937,-42.26256837060807,-39.24308003938062,-36.224342670203434,-34.235643611509865,-32.209702906542574,-30.438538730108473,-28.598545385993443,-27.148265666388745,-25.670022990180442,-27.398928505391073,-29.100247309339043,-31.519345354696405,-33.938382116743384,-36.88169066447869,-39.79914562700325,-40.107743048264766,-40.41340125473789,-44.38984041467291,-48.34649118774838,-53.40729090835896,-57.57887499980339,-56.851424095635195,-56.78756222942638,-56.268779747548656,-55.27032499650748,-55.72172516885027,-56.16181241775598,-53.528601252337594,-50.77619699252767,-50.66171539965004,-50.097113681781146,-49.96600148293183,-50.21013401146006,-50.74772522945359,-50.30994655073514,-49.20962241663202,-47.90324057474123,-46.128475643955,-44.25515197565385,-43.05886231350593,-41.143577102293584,-39.31567757084063,-36.70433120085985,-34.1045289099174,-31.68269234478225,-29.543223741314726,-27.397997299555733,-25.60349370474876,-23.921119722353524
GPlates-deb76b03-b230-41b9-ab06-539bdf5b71da,Irkutsk,-25.05793737141029,-25.57276243168311,-21.889922014794198,-18.445366107208716,-16.613057015353824,-14.902183221674806,-12.381225886210505,-9.923725958261999,-9.796949145910677,-9.67861182392715,-9.29132136391477,-8.859521232320821,-8.834013084125974,-9.747293500821959,-6.953314638666145,-4.634999319095401,-3.449942147248756,-2.261968219639048,2.1224461288443814,7.158561489667021,13.508732270714589,20.03121822620689,21.140505451069064,22.243278270059186,23.185562799161488,24.130830021581215,25.269259520943343,26.419143422141662,27.406472213604406,28.370484764352806,29.343212376374,30.196637934213005,30.845941771129926,31.37066085689993,31.7632640065354,31.92855430661341,32.20707363459694,32.441168309002755,31.013044306143318,29.684119468637856,29.31941818490071,28.844429246244587,34.273606237704,39.4805186732031,39.98479038696286,39.6471732501176,44.458442048081515,48.90739748201332,50.42002045917829,51.72377287371526,52.042354698805994,52.301177967020344,52.39241330286711,52.43828599983894,55.391711172376866,58.340484167532054,60.847604794735105,63.247698255928924,63.201545991086654,63.15276580036413,65.17546372703191,67.11832594926854,69.59084316007122,71.87953666465137,74.57099977570377,77.26224663513183,81.24730210847929,85.03609541862471,87.31651410890672,86.9093971342764,84.28210492227124,81.01962848352962,78.67335619978772,75.72519060626875,73.00215280519572,69.6832044984411,67.99057069068829,66.27644499077465,63.88685456133558,62.3912955205815,57.7235836736486,52.46433008572989,53.42839801367708,54.45667203382193,54.307615399911725,53.93610953686484,54.03213929656727,54.00558032489901,57.23471289466586,60.24708703960704,59.11793694650461,58.06944010980751,56.787674332354825,56.274029209651935,56.1165449085266,56.671710733839454,56.74887698275093,57.28503629139748,58.07443108952124,58.84338700169011,60.20274594300774,61.16413236089076,60.42007049291283,59.74945706422007,58.86477463948805,58.47585933974282,57.90340286664345,57.30074324995394,56.28783635777806,55.22931130629694
GPlates-89257f35-c414-4ce8-a289-9bfbd169869f,Keweenawan,-4.570378454235687,-5.100868310307631,-5.927862905544418,-6.757714669269785,-7.629044135452783,-8.486936444147249,-8.959668635315397,-9.573939061048103,-8.567562999197387,-7.952949194012804,-6.475915987304459,-4.292240951400798,-1.4570988887529048,1.965378682688863,4.068923249342509,3.5529716364305237,3.0275069958281797,2.4927079198357247,1.9487518736513625,1.3958150466889767,0.8340722148600171,-2.566722199988775,-6.656785673222502,-10.717798761820843,-16.40035039220516,-21.778311442971493,-29.173472116240056,-36.196630149940056,-39.17732924851785,-42.05873092907552,-41.53979097472346,-41.027537575394476,-38.8654606643198,-36.77132520010714,-34.58781695887285,-32.448935286734326,-30.44125813413323,-28.510716489115758,-26.670642238048288,-24.893756889404262,-22.917006545629235,-20.84394690589032,-18.389619180580333,-15.70626055990841,-13.68711440954324,-12.256008441022745,-5.654876270039345,0.9325555510533889,3.914301453598937,6.917413016099105,7.737039163192163,8.584699357691933,9.1512414322231,9.737584098436379,10.799980955229884,11.857281510714994,13.576505281423906,15.375866412075279,15.654759205136964,15.935224978664092,14.663627476019053,13.387795016773518,12.243778195377914,11.037019672486899,11.980176460949899,12.9010894341543,15.032655337111906,17.14692470652053,18.793105457450636,20.408880967125747,23.32008171063444,26.81861989798389,28.433403774099844,30.012113479747736,29.91667817850733,29.740973858397027,31.615011127528124,33.505607618501415,35.30383439243881,37.06229505074103,40.20243871582079,43.11728337255385,43.377698747551506,43.757514356231994,45.4406540850181,47.17630743218753,47.96771227351945,48.78336276153152,46.41534389262003,43.754374353554724,44.42181666207217,44.73523327403557,45.39879395996489,45.87931100447634,46.36287921941107,46.36130523459462,45.891163566766984,44.93584192528475,43.80157510660242,42.32835580794714,41.3641435102267,40.69938356118457,41.281786071304275,41.889447826392846,42.69447826793457,43.04613027495474,43.548957698007214,43.96809478826599,44.628528330908026,45.185541930903824
GPlates-8e119bd6-dad2-4987-ad38-02788a1588a7,SW Laurentia,7.536036414685941,8.350843238587936,8.201746381757435,7.989177373984406,7.056486374975361,6.132554602238485,5.141024038472465,3.97460427896831,4.259115620263481,4.088003082369903,4.213398239083236,4.964616501487889,6.32614765811246,8.27105358319176,9.42626665661751,8.728270610117956,8.022799047705822,7.310064213292878,6.590273774966858,5.863630869422964,5.130334156255751,1.7393116144117546,-2.3423494020373576,-6.446917919208557,-12.827799414060042,-19.082029992664243,-27.4411802266435,-35.69987026140926,-38.892348418705474,-42.0815940705083,-41.490406875197976,-40.90102722735171,-38.45763918891187,-36.03670570205813,-33.60108952720456,-31.1803566316242,-28.957233376113084,-26.760277254076435,-24.874588834947424,-22.98069314240556,-21.39540495805823,-19.632897217771873,-17.877148859313614,-15.784098118373496,-12.737252344348388,-10.080420458117908,-4.4027307913097395,1.2559084335579098,3.867304587418297,6.522868014846698,7.181685198627311,7.885309562734473,8.348191383933944,8.844437115224745,8.940409439939408,9.03519164365569,9.934065480978811,10.93100578418852,11.143592564185134,11.358398972905498,9.503939640224635,7.654636039043803,5.7677545442969596,3.8430318109495376,4.069174871807482,4.287842773307976,5.6555406943346656,7.025495339291111,8.153398580015407,9.258615934527278,12.331283547882661,16.212002559952754,18.628178805139008,21.05639488230633,22.200335655262844,23.326933606785676,25.35580179520623,27.387270669282927,29.621054708487005,31.45421752840409,35.608509637454816,39.94922850988205,39.67533497799301,39.42759674576868,40.51009506459726,41.65232148025925,42.04256804820945,42.51316967086004,39.56663027898169,36.49879109282491,37.42875654529203,38.16804187871686,39.199507353142565,40.037077377191096,40.82572065089995,40.96962962487864,40.606608295022696,39.538895822613306,37.94017886227302,35.8400992065511,34.01080263091687,32.6678478968729,32.950462286295476,33.26512311014538,33.92236822557506,33.989687962192825,34.057584738432446,34.05564552488772,34.15511717112441,34.16195384939411
GPlates-d027dac8-f33a-484e-9663-ef22863d8ddd,Warakurna,21.284881384664107,19.011945878424896,15.501332493076255,11.376240821355402,6.935172138538463,1.840317568442834,-1.2934439251583223,-5.155875299263999,-6.572499107371571,-7.713919146785438,-7.64583632399634,-7.272797395678867,-4.929730442984679,-2.9528495022840384,0.3289723507375732,3.548291733034247,6.488269406151088,9.326017124839916,9.843088301467018,9.819798993116986,7.511424976316093,4.933518325412829,1.1159875752186756,-2.661975435860863,-6.1636120125393195,-10.586989526440723,-13.919150667012346,-17.58549743639917,-19.3797350937311,-20.75894301297615,-21.073124521815522,-21.026023427078563,-21.412194534501186,-21.55516278178407,-23.167922408640123,-24.811583102915336,-25.542068267077912,-25.503017897311203,-27.26497622607784,-28.763117196585043,-30.678609403449446,-32.702300407784286,-34.53399533930818,-36.420766360325864,-40.359754539978596,-44.29669998444821,-49.2216461799597,-53.560061696897456,-55.39946544106057,-57.15335609879165,-57.44678238523283,-57.78395810507767,-57.980686190038725,-58.21758520327343,-56.54359274617147,-54.69803134761522,-53.53402253464392,-52.30610078672246,-52.27577882724885,-52.24614050993104,-49.7224813020571,-47.1978932220755,-44.19857099976923,-41.19352482162687,-39.43719227489808,-37.623666720421696,-36.1673132658689,-34.609405076449086,-33.34084731365964,-32.02902330222115,-33.926281434362956,-35.787293591276615,-38.213329065918884,-40.63938640165191,-43.4506846037629,-46.21464753075371,-46.57359028264011,-46.928870074875725,-50.83039316237004,-54.68321662966165,-59.621753704713115,-63.608109416982366,-62.67885199578195,-62.36007113634474,-61.65566491684941,-60.51206114415333,-60.55640070432545,-60.57653506595011,-57.333451365882844,-54.03622668796424,-53.89911174284336,-52.939531705921645,-52.37521371064951,-52.22285874487953,-52.36066725576572,-51.604233312798264,-50.470960958107,-49.07552703509623,-47.35029834828227,-45.43310429524461,-44.42425652539662,-42.81970229366398,-41.090352119073,-38.490153097064,-35.77607392652452,-33.297364596865755,-31.238463514268677,-29.161453620525386,-27.39175150081993,-25.698929561579984
GPlates-b41ef7d2-ebf7-48ad-a656-3bf1e32f63fe,Umkondo,-35.506136244578066,-37.12624060472742,-39.09709004772573,-41.12697196309727,-42.858611953874615,-44.85441251704422,-43.72047669139118,-42.82981402644164,-38.79375415043082,-34.27340550105741,-32.74589728960196,-31.073855944803654,-30.98438276990948,-31.403431177117106,-29.686479186564444,-28.208895338229198,-27.84765489892512,-27.520149824163628,-30.860473479261692,-34.36991516649028,-40.60093523026836,-46.585921709593556,-53.02996738267685,-58.84099438957542,-63.298687367790166,-67.82855578023124,-70.8974353101251,-74.17677298280645,-76.60520844221797,-77.89501190647064,-76.9177138579204,-74.61657441853606,-72.49509128713231,-69.8678579399837,-71.18948512335699,-72.35638951396726,-75.66483551475238,-78.45668512275384,-80.93532331197305,-83.42307386531328,-83.50065008461442,-83.16822359072347,-83.62728916983129,-83.31686169071958,-80.43283770933797,-76.97722442290882,-73.47220612850737,-68.336677174877,-65.6884166427318,-62.913677740474164,-62.1849268500549,-61.40823046200225,-60.888267468012245,-60.33811297370711,-59.544462956841244,-58.44106095632564,-56.478118146965514,-54.292119406245234,-53.982041108629055,-53.670460161438555,-54.3784944354868,-54.92120195877227,-54.912808034881984,-54.71464197964483,-52.60360496891896,-50.43097411320725,-47.13375249111045,-43.81655165848287,-41.41345241722861,-39.001416786699764,-37.527177671141246,-35.99421530709948,-36.67014468282424,-37.27881282818775,-39.67693162337839,-41.97701216222833,-41.4767657819729,-40.97522722095038,-40.95895265160352,-40.92375049738416,-40.188256588533996,-39.26983283977988,-39.42565625203405,-39.54035549597046,-39.00614732665358,-38.4106564154727,-38.52276014599499,-38.51931896343598,-39.58959843079045,-40.14604451841928,-40.19725287460622,-40.231238304508786,-40.36461578707745,-40.494592517571654,-40.413259013897,-40.301125289688166,-40.11172013095013,-39.87337980806895,-38.7615015281509,-37.54866801687502,-34.85525660899583,-32.11638842301038,-30.77821284299005,-29.444232220556426,-28.741114418402105,-28.045670236161587,-26.91152044780887,-25.788747576040137,-24.405810084748175,-23.03387111722228
GPlates-83f67207-42b7-48cd-b4cf-88cdf05a2cf3,Willouran-Gairdner,20.98781212152368,19.301086066870916,16.662254063942985,13.31967139718129,9.604828430289707,5.112522280744324,2.7383660742359544,-0.4600534586305892,-1.1041222895607565,-1.5373197245651529,-1.2854434354539328,-0.740058120690014,1.442589384244502,3.2087115302776827,6.433298321138632,9.55596993527005,12.247113831246953,14.808790510494802,14.667779376402438,13.943406380815542,10.642470298883262,7.046634712297224,2.2491448897291084,-2.5248994214060807,-6.826058854093073,-11.936821892418303,-15.534554792558085,-19.358241470707306,-20.59947444863896,-21.391030985356366,-21.030263780730863,-20.312166824424647,-20.132452816643134,-19.715413200332772,-21.380360269134588,-23.056165395967547,-24.331292848698432,-24.86738841912961,-26.89595751252058,-28.707304701791028,-30.4268039349921,-32.29207662790481,-34.21168629315189,-36.15390965172875,-39.96208103745156,-43.751419398521776,-49.61417094574574,-55.11616249777788,-57.52628439880177,-59.888885830337685,-60.40542262622487,-60.96027532258182,-61.30933975391116,-61.69316573764906,-60.795054704435174,-59.629854381223986,-59.09371881449347,-58.4275981355027,-58.458505696242014,-58.489450008278936,-55.98594563791525,-53.48222671475077,-50.57217789201721,-47.640439590986134,-46.16837614999901,-44.60761454237701,-43.494016717711126,-42.229695453451356,-41.14219131714914,-39.98849554332633,-42.023060508001514,-44.00935741028884,-46.43254231552178,-48.855243737778544,-51.537996447122275,-54.13793640091033,-54.54329420832603,-54.943927224202326,-58.737815623326846,-62.43330121484975,-67.13710245560056,-70.75920678078462,-69.59276304326279,-68.94116903803959,-68.01870499889141,-66.73547551154508,-66.23554925126649,-65.69653056903965,-61.85469286502477,-58.05275350777017,-57.894725958856874,-56.500666778236905,-55.44075355982709,-54.82039541242044,-54.474366667338806,-53.381588790913625,-52.26829511109277,-50.83698158187249,-49.249208653449266,-47.36302612328039,-46.61312976645687,-45.43091558875286,-43.87696950171771,-41.37484440811696,-38.61203029432794,-36.138900554623156,-34.226747944391235,-32.27957110997321,-30.58064456123184,-28.915635981816646
GPlates-a5cea7e8-bbf3-4fc1-97cf-d2f8101ac52f,Gangil-Mayumbia,-47.16704183401818,-49.99865610639857,-53.80340865556953,-57.46397114672601,-60.57328574593605,-63.492519133369925,-62.70068771798724,-61.49926013697601,-56.83736706518341,-51.57873734971976,-49.896979348483605,-48.12602635299956,-48.53391093290326,-49.37187091723832,-48.024607386284536,-46.837092562065955,-46.707743480653704,-46.49033148786284,-49.80211224669228,-53.095925244208765,-58.7755344285848,-63.6426972477453,-68.18300551700814,-70.47838871607381,-70.56530835234676,-69.71989113134204,-69.43978850422813,-69.26016232186991,-72.93870746102478,-76.65366653802766,-80.86637008010301,-85.08573042937252,-88.47457911975145,-87.60613260021556,-86.96239470552922,-85.6443952773652,-84.71767634126218,-82.56055826489282,-80.08378597931544,-77.59668027878362,-76.99951361094777,-75.85131675382597,-73.95929504469207,-72.10499688742853,-68.77027236171882,-65.2626693137801,-58.739236203635755,-52.103746374007216,-49.083665583460224,-46.04032977621857,-45.19205062853174,-44.31859201009061,-43.73179505177709,-43.12890290576185,-41.70789180551228,-40.13450265933737,-37.909442846993734,-35.54616448721729,-35.22789102009916,-34.908566308836214,-35.476471355937775,-35.948598260440285,-35.95460525102209,-35.8815135871193,-33.889965947936936,-31.85988606630511,-28.66473598163506,-25.44851206500419,-23.12665270077224,-20.79519657120827,-19.083339131808334,-17.360014141078818,-17.888684730590988,-18.38959098876716,-20.72024958026027,-22.996776086237343,-22.49742088144303,-21.998197597002314,-21.996356202991816,-21.987162085301346,-21.41711602169278,-20.781645891952675,-20.79315224450291,-20.788168278768158,-20.148286878538286,-19.48057885154277,-19.547802092440595,-19.54529762710908,-20.786182264506635,-21.75654581085703,-22.001368011973163,-22.254090229180644,-22.54691871936029,-22.845356424674925,-22.932722496422773,-22.991205306421968,-23.023333039831684,-23.022207831258637,-22.204716075240366,-21.28454387888223,-18.915947806813772,-16.492775294219374,-15.211628154114129,-13.929526184108857,-13.225182712138428,-12.527159264679861,-11.319209389111373,-10.121397069192705,-8.573221719271173,-7.038816476318772
GPlates-269d0b6e-615a-41a3-8f32-3b820112594e,SWCUC,20.139390964436377,18.472907823362146,15.118730305619797,11.556926630315086,7.845535984177798,3.7958817204700073,0.8024248814059867,-2.8776210538493205,-5.350021807196611,-8.11592892035383,-11.74214374404416,-15.080716777492839,-15.16694543284067,-15.382461609188953,-15.181397099211761,-14.867209229605999,-14.334004394245625,-13.84506003135813,-8.73943177984381,-4.002873056492235,1.863640831836231,7.162258671915902,10.966141793783018,14.109993230919883,14.618513061426926,13.54820565156878,11.002952514842958,7.949500350082278,7.135266833426512,6.0310925320399935,5.931280768236327,5.3438008558405485,4.139606234394196,2.9611067335428514,3.6306732995598474,4.30755328232718,8.359375791514678,12.852010752241696,14.765271491740277,16.802525483556842,16.722928068448258,16.649492078865865,17.21651180100513,17.582507215537866,15.451869720456122,13.255337962830462,11.51846971138292,9.283600686294433,8.621075848425592,7.764448012912643,7.970072031831894,7.997984198767535,7.779749083745516,7.384640084373042,5.798549815612625,3.9885197564304575,1.3669223832908317,-1.3820044277963444,1.7493217009274653,4.806294702922938,9.661869521133095,14.803267701923025,17.287319361912186,21.46605711834107,27.457602260963093,31.079656788351173,32.543653358502766,33.46138867689919,33.821698290769476,33.112552376653504,33.56127444126506,34.231404809149375,34.23157787151727,34.23173875882632,34.863000916127405,35.51390193512644,34.73121363947042,33.97485616615038,33.89971869215814,33.83258430719664,32.416580544602915,30.56190457027729,31.08833033664723,31.584778718310368,30.716885041408,29.702188637411762,29.432166991547792,29.084930970649495,32.1023559395984,35.00491600310751,34.01081165103843,33.241770073367285,32.1619263732261,31.78811782983908,31.737775153102827,32.33589390334069,32.592323536125555,33.22300117458759,33.89029510958198,34.4444884646081,35.16029111277776,35.61995513410615,34.708749676173966,33.891466985730254,32.985021706425485,32.46961258365909,31.690490758545,30.910511253350172,29.57207697481762,28.204571497335447
GPlates-382fba99-0d72-48e2-988c-4b343fe98880,Dashigou,-17.15585554084478,-18.35227034354895,-19.58925385431571,-20.85520874871394,-18.73560987043283,-17.123443381396264,-16.67201955252782,-16.16504882936051,-15.609028122247212,-15.011003281977283,-17.384925178701188,-20.251206797086834,-18.584830837894376,-17.587252413126844,-16.333678557359683,-15.33592581947712,-13.11032873915999,-11.039717095152685,-6.848977414382543,-2.4528969247789356,2.957315706649629,8.385855171405867,11.7880576456045,15.169782750246258,15.788748313237601,16.671725598873525,17.806139547364637,19.176034041781705,19.932383391124517,20.723945477826256,20.149919164426105,19.577255341867428,18.8659832603243,18.137521052709165,17.67184864606965,17.148108962285917,19.458811228278318,21.865831623420135,22.879993304153047,23.999886492466654,20.6083664814923,17.34156677201888,16.545249173499034,15.558950076740523,13.214785517416725,10.792203703909076,13.573035467926504,16.333707712556567,17.13580755392032,17.891463068590596,17.556497307738947,17.323029997787696,17.176926079685337,17.18829453265995,17.925184223982157,19.712224193088034,20.590175204746057,21.714159108168317,24.02633937741042,26.398780589154825,28.34038644230872,30.282226689819492,32.582788846526014,34.90066788222908,37.47681784313763,40.10915836150469,40.11082434636758,40.11234481103434,40.23578998188075,40.240206497341504,41.314704871212385,42.52194154632738,42.52209129049894,42.52222803865057,43.59034588682989,44.57843834583335,43.91123889572709,43.24725161982442,43.21474274947865,43.18294646507407,41.76848641569647,39.92219070540741,40.41679539566528,40.86480519416031,39.92406569104571,38.825923334893815,38.494806134946366,38.08706168513541,41.02497535184031,43.86492966965875,42.91654616889598,42.21914378411126,41.19209302006026,40.84843310247382,40.81770209993608,41.417135465345225,41.700879581855105,42.34014164872342,42.980622578229166,43.49139850084681,44.06645028658161,44.39058439405636,43.44233728172767,42.58924669990135,41.68732691503485,41.1348994969968,40.28758464478985,39.44213851960156,38.12462096596712,36.79547358799421
GPlates-185d7fba-14b0-483d-836e-b50dcb9cad3f,Dashigou,-20.66814154908789,-21.999714815257125,-23.103510386741114,-24.238254322562263,-21.529304526822482,-19.285527156088847,-18.00267560274538,-16.653149488751247,-15.253802740817697,-13.82159114783812,-16.606178174994692,-19.824883233144906,-18.59408383293869,-18.06248040657656,-17.102313378428956,-16.411682377975247,-14.645965917700437,-13.037406193534379,-8.528341701948913,-3.8617528141492428,1.5978878323762287,7.055842571346115,10.35039771207239,13.608952105337938,14.52936321244797,15.702339898542848,17.110825844974897,18.73462466020739,19.606734527309875,20.509843285924536,19.897471069372685,19.28622183535643,18.446015460524233,17.591256668025487,16.98871146542938,16.333235662905235,18.403809823723908,20.588609437761107,21.3532152941103,22.232000015524154,18.27859656661608,14.460488642250612,13.436823589378907,12.240482378349531,9.149119022202317,6.038469283118071,8.316798987920519,10.610762345325444,11.33287983353314,12.006338933962164,11.796386632151341,11.69298681925161,11.704619167125283,11.878529644666354,13.316851065181067,15.78490920569588,17.055077932996095,18.57421203945366,21.100653810699153,23.681767783993966,25.637546866090577,27.593194815209316,30.169760272041657,32.770387548897105,35.584496825780576,38.44870867122854,38.450223305413026,38.45155093357152,39.42528655237084,40.29834724798765,42.21736247192432,44.27074045916099,44.27084482564998,44.27093505286702,46.17532472027127,47.9906483978541,47.70359258825759,47.40451058849475,47.56882470211567,47.72992288997891,46.34352804234259,44.57188892694601,44.878001588121734,45.09046967481289,43.877488687542815,42.51853496820404,42.01089741338595,41.44265993295826,44.12212425448746,46.74983794438919,45.933840628418366,45.434601458495635,44.57026282354914,44.31813241887366,44.34508864578122,44.93794499543071,45.29910838282858,45.95371608963775,46.50036819630677,46.87381356154577,47.060629154811764,47.05421062366601,46.04447299138581,45.13219562968932,44.259777792270214,43.64022483258228,42.67000351301064,41.71207920607904,40.250729552279694,38.78559166584695
GPlates-75fcc479-61cf-4c2e-a818-e9d01070b4e0,Mackenzie,3.769838236857972,1.2992321212504128,-0.6130210260776306,-2.547365488692463,-3.2303548916097173,-3.8931097466489524,-3.3626773231981875,-2.991393124957396,-0.9449734695123355,0.7243287013682015,3.7713238913031497,7.351999306230788,11.40522210124248,15.871195314456449,18.586836677245522,18.23108849985078,17.861506951366582,17.478309364703197,17.081716488977616,16.671951997575025,16.249242010756248,12.994048215981923,9.074526697711622,5.208221297732448,0.13289082510200645,-4.643761056102484,-11.449509028291516,-17.95295995907498,-20.82900171550034,-23.59991102381298,-23.10280536792479,-22.613904359026186,-20.549192178225937,-18.57315903887473,-16.502608678413214,-14.493842420798465,-12.602241328665484,-10.810501095117864,-9.035409378577528,-7.3494665943971755,-5.280816381203927,-3.148374860616731,-0.5136355639973532,2.2999247213100347,3.930863557189092,4.818667662817252,11.63640956926986,18.435824296176715,21.49046607173189,24.555589266631944,25.417244939169,26.299327977385154,26.89140422199066,27.49754901506285,28.868361762747913,30.180797608077764,32.06545265060656,33.990367078982366,34.27704054888249,34.564989745954854,33.36936479948544,32.135131093444784,30.996429452710117,29.74379793498074,30.60040224305021,31.390619998124002,33.33090164235555,35.195763635455954,36.62709379108587,37.99208738661627,41.01238166051534,44.731309582072605,46.692533722091675,48.53594249637549,48.63946393993787,48.48473072609347,50.342217580028475,52.210018423679706,53.934781990431794,55.659455173754125,58.48123388062702,60.7016371143833,61.197012294470625,61.82185962666415,63.66375713849955,65.53860490405063,66.4263209457109,67.31261913375285,65.10100880533665,62.49951473620502,63.143035221791266,63.39905649422643,63.984814473977245,64.37086503518465,64.75510599612856,64.7082034384566,64.21896844940692,63.32796602590912,62.34345635898732,61.00765991435393,60.119100370559536,59.43645281070006,59.99385442212578,60.566735233394304,61.353933610600144,61.653992501756,62.05360345581769,62.34221776365988,62.779956061064034,63.05607573857709
GPlates-f840a16a-b3bf-4c89-aeed-4c0d2f62e9e9,Marnda Moorn,15.569346055861018,13.173242549181722,9.522363769540316,5.317141366943411,0.8412433199402632,-4.251574567719152,-7.335195096419248,-11.10362505609191,-12.3324221754652,-13.209593017951269,-13.05429943052892,-12.591016007962372,-10.328833531890078,-8.448909783123469,-5.187799586421314,-2.0047320104242274,0.8437866740031423,3.593270644520677,3.9400626913032415,3.798927179905433,1.4172770593138126,-1.1328330352879976,-4.831146551467229,-8.398987001442357,-11.66570981593911,-15.832055178616487,-19.04188951367986,-22.61976020684366,-24.620340632613534,-26.197921817788565,-26.715010841863762,-26.83563896763914,-27.333687986860227,-27.56195705595828,-29.164844526751665,-30.800789119219328,-31.439477585721665,-31.278173845642446,-32.96628490888467,-34.370824038879384,-36.33150417649807,-38.3876206930253,-40.18506575097812,-42.04464356573949,-45.99494181103462,-49.944885629292614,-54.50683071328621,-58.26719791595439,-59.77058412868555,-61.13061655197761,-61.281619687324095,-61.47374314614402,-61.56787442692759,-61.702027283526505,-59.57116231199223,-57.29368689420762,-55.66640119481766,-53.98305495398706,-53.89671835141625,-53.81097506480257,-51.33963700285093,-48.85886423742905,-45.840504601594084,-42.82326890225719,-40.80502211198831,-38.74130135350488,-36.88894470269943,-34.947791861969215,-33.41515170724304,-31.846853219313243,-33.45590324188399,-35.01999320251708,-37.422845755810954,-39.82472361284892,-42.86828617409259,-45.88609628021392,-46.1575560202971,-46.424593567377386,-50.4348179152115,-54.43843419958151,-59.53910253467598,-63.77838248264828,-63.15631899600922,-63.19355336834823,-62.73675740632318,-61.781287207607065,-62.306398084643334,-62.7831066051287,-60.13797662841079,-57.31155290614816,-57.19285761693508,-56.54608098018472,-56.301227828743734,-56.421408004540176,-56.81597689933411,-56.24629362582269,-55.12639577819775,-53.77501305644118,-52.0140000535669,-50.11357516035401,-48.99339892772777,-47.196653211610034,-45.40027280288251,-42.78502636513128,-40.13377302635117,-37.68275877025697,-35.569382455176324,-33.44517243888064,-31.655858278271957,-29.9655825571903
GPlates-8777f320-2b18-4956-905d-bb8fc5ed9b42,Abitibi,-9.755636447730385,-10.965222711549423,-12.134046421296349,-13.281361906008659,-14.11088829539803,-14.92423162277019,-15.113452664421667,-15.425870003841833,-14.055339761304324,-13.044262886553504,-10.907748461172108,-8.057678037268024,-4.5704546555841565,-0.5270566173470894,1.9696751813099207,1.5554037864493964,1.13107102301625,0.6968266874560693,0.25282119421271587,-0.20079460146825087,-0.6638695737419799,-3.9677460762572254,-7.938593401349612,-11.853713731968762,-17.014493518390186,-21.783191510830683,-28.436568198788244,-34.57817364029232,-37.319519394608754,-39.91365702614048,-39.454711603800384,-39.004066397706964,-37.0792795749555,-35.23628402532034,-33.26996781549317,-31.35676151929279,-29.53497632839331,-27.808919875030213,-26.062470317218068,-24.408786738471594,-22.31846958230023,-20.17245346368358,-17.4743385904055,-14.605066965050865,-13.135113746364492,-12.333061958821489,-5.502872726971953,1.317837531163143,4.381220241017328,7.4539358454448745,8.323521234903534,9.212273458246376,9.80972805016941,10.419913823026027,11.905010250061647,13.384144274986959,15.438325398365818,17.563409717388314,17.86525458034322,18.168329356382174,17.21395587165657,16.248803292905425,15.489502852057667,14.654169366581586,15.910917405556935,17.14060181033326,19.584037756560413,22.006267875054707,23.866402224107492,25.69616784835985,28.466249144640255,31.691848225902323,32.85781078934927,33.95693774562665,33.234707012499484,32.4096098346416,34.13600850880253,35.88133965009143,37.38438293377939,39.02758367971669,41.50253125283132,43.54489570817425,44.056944834384474,44.73160547206473,46.62320597664597,48.56068975291023,49.513408081943986,50.460170541262784,48.54995740346292,46.25415473500462,46.745853437575086,46.815301605012394,47.24635260744424,47.510423967797074,47.80471748336296,47.727180371105966,47.22989124550857,46.38975584632828,45.56181434524428,44.4952397845451,44.03508455038281,43.761764904438046,44.47850786966868,45.216892063346535,46.06565170388096,46.55678734335936,47.2767920292008,47.91181665772666,48.85958228481642,49.70717589019276
GPlates-25a43652-cd69-4140-a791-89918c2958dd,Sudbury,-9.724373993761985,-10.718795711598382,-11.770316543328121,-12.801145070859324,-13.647330831059527,-14.478234964929777,-14.771297511893005,-15.18843065326819,-13.935408829070724,-13.045546322650004,-11.096275841988865,-8.419922347963428,-5.089792072172512,-1.185407664459258,1.2274926713950074,0.7903731785623519,0.3434974884456212,-0.1129825533892226,-0.5789148745574665,-1.0541473388741907,-1.5385279020045208,-4.867619605893178,-8.869105636838984,-12.819918349572605,-18.090899097390018,-22.979522081309113,-29.77036218698194,-36.05724124106707,-38.83692471462169,-41.474062978735795,-41.006452349542045,-40.54685444644107,-38.58638741346967,-36.704539924963015,-34.702799905505636,-32.751918190465055,-30.897847079190566,-29.135919999514112,-27.371128502057836,-25.694155421064615,-23.61938670995229,-21.48207627704693,-18.819619205082372,-15.975873230903174,-14.414304519662712,-13.501411694932356,-6.7019511180074645,0.08766511298332118,3.141261395989159,6.206359244201756,7.0686276176387794,7.951636332124806,8.54468613701032,9.15169720503508,10.56880049299795,11.983100199111059,13.989097052046716,16.069295134030412,16.36823050105675,16.668454480316377,15.668879033705762,14.66158939995913,13.853645852531221,12.974666727510638,14.198811359670902,15.398751615772259,17.81542933130129,20.213851146979234,22.05920897169105,23.875687924061715,26.6561146879642,29.903662151416622,31.10970212085525,32.258719949372264,31.60868223092598,30.867412077499484,32.61691624294012,34.385751308698474,35.93492133181396,37.59870551426275,40.1849168875707,42.38322416880953,42.85185977544638,43.477053519975,45.33835346199986,47.24756704444189,48.17643706390002,49.104641241261206,47.11651138983209,44.7603559436214,45.27917053380414,45.38583369162997,45.85429990864753,46.15375572604184,46.47986094737954,46.414707743154565,45.92052527932653,45.0589845590285,44.17931377617726,43.04705040991736,42.51197351087435,42.18420090383901,42.8844288312582,43.607131853179695,44.451779363792994,44.926115600366344,45.620674065757434,46.23127234530182,47.148341992348044,47.96680303122776
GPlates-d18dbffd-3494-42f4-bf89-8b8912bbfb06,CSDG,-40.43198841905819,-42.65839741616101,-44.29538043013399,-43.74613163988306,-43.22360215641492,-42.73031785473988,-43.64612943238305,-45.251081089168075,-46.501717472609556,-47.665169003365094,-48.27111000954472,-48.391050466559086,-47.8326506913938,-46.63250617557848,-43.68269892269226,-40.72195854104081,-36.40525202963013,-32.506122274234954,-26.879505771952598,-21.426237817233247,-17.017224091445094,-12.662048032404238,-8.721652715064538,-4.758370301073211,-7.081211584980011,-8.810848167474779,-11.816088617408926,-14.261978857590192,-15.85562516716167,-17.235760932513397,-16.94177808533622,-16.661960914618888,-15.675271914671896,-14.828770253253044,-13.814043231905716,-12.896047011357819,-11.957339335939567,-11.175912604278038,-10.038377039608887,-9.080485852750101,-6.98162395564774,-4.962317386885431,-1.9002999493014516,1.1265074826197543,0.46059052204522655,-1.113575086994138,5.317078241676393,11.763018848203462,14.565027946649016,17.3194807812636,18.211083573191967,19.083761691478603,19.68230153450755,20.26376654924996,23.062918312581395,25.85620626924326,28.7869443258196,31.743708085528237,32.07412623612616,32.404076436497725,32.85890371601504,33.26386670315515,34.10229319687378,34.80493415947598,37.049871505079985,39.26568558111058,42.973515565901465,46.673897927746204,49.54312960353933,52.400368874387745,54.57989823925786,56.4287215981862,55.31712375984413,53.972784152938075,50.691429036145905,47.318121906410475,47.88404369306732,48.43081965477807,48.13913583223258,48.673856475976486,47.359457660288555,45.0158032111741,46.30730727447133,47.86387264867826,49.712700521038485,51.49232531860866,52.662658164226215,53.731782657468486,54.94210898515768,55.51863875180403,55.01100452002799,54.003766787406505,53.20657948385041,52.69396559627209,52.33962652116427,52.29587835106958,51.77689170879257,51.585584759010885,52.04367681594215,52.75709323927151,54.849544741530266,56.585323264450466,57.218845812365565,57.802713525036154,57.883589377186134,58.41427422917295,59.34304309366294,60.208891902225325,61.36258213238118,62.45245147119706
